visit_id,date,store,customer_id,stylist,service,amount,pay_type,booked_next,complaint
V000061,2026-01-01,A店,AO0016,A5,护理,380,现付,否,否
V000071,2026-01-01,A店,AO0018,A4,染烫,880,耗卡,否,否
V000305,2026-01-01,A店,AO0083,A4,剪发,180,耗卡,否,否
V000559,2026-01-01,A店,AO0161,A4,染烫,880,现付,否,否
V000670,2026-01-01,A店,AO0196,A4,剪发,180,现付,否,否
V000927,2026-01-01,A店,AO0271,A4,染烫,880,耗卡,否,否
V001063,2026-01-01,B店,BO0016,B2,染烫,880,现付,否,否
V001090,2026-01-01,B店,BO0024,B2,护理,380,现付,否,否
V001433,2026-01-01,A店,C00003,A3,护理,380,现付,否,否
V001476,2026-01-01,A店,C00037,A4,护理,380,现付,是,否
V002019,2026-01-01,B店,C00486,B1,护理,380,现付,否,否
V002058,2026-01-01,B店,C00518,B1,护理,380,现付,否,否
V000075,2026-01-02,A店,AO0019,A4,护理,380,耗卡,否,否
V000242,2026-01-02,A店,AO0065,A4,护理,380,现付,否,否
V000352,2026-01-02,A店,AO0096,A2,染烫,880,现付,否,否
V000541,2026-01-02,A店,AO0156,A5,剪发,180,现付,否,否
V000621,2026-01-02,A店,AO0179,A1,染烫,880,耗卡,否,否
V001018,2026-01-02,B店,BO0002,B3,染烫,880,耗卡,是,否
V001076,2026-01-02,B店,BO0019,B3,染烫,880,现付,否,否
V001474,2026-01-02,A店,C00035,A3,剪发,180,现付,否,否
V001495,2026-01-02,A店,C00053,A5,护理,380,现付,否,否
V001516,2026-01-02,A店,C00070,A3,剪发,180,现付,否,否
V001524,2026-01-02,A店,C00076,A5,护理,380,现付,否,否
V002055,2026-01-02,B店,C00515,B2,染烫,880,现付,是,否
V000177,2026-01-03,A店,AO0047,A3,剪发,180,现付,否,否
V000361,2026-01-03,A店,AO0099,A4,剪发,180,耗卡,是,否
V000371,2026-01-03,A店,AO0103,A1,护理,380,耗卡,否,否
V000462,2026-01-03,A店,AO0133,A2,剪发,180,现付,否,否
V000744,2026-01-03,A店,AO0219,A3,护理,380,耗卡,否,否
V000763,2026-01-03,A店,AO0224,A4,护理,380,现付,是,否
V001015,2026-01-03,B店,BO0001,B2,剪发,180,耗卡,否,否
V001251,2026-01-03,B店,BO0072,B2,染烫,880,耗卡,否,否
V001267,2026-01-03,B店,BO0076,B2,护理,380,耗卡,否,否
V001401,2026-01-03,B店,BO0111,B3,染烫,880,现付,否,否
V001440,2026-01-03,A店,C00008,A3,护理,380,现付,否,否
V001461,2026-01-03,A店,C00025,A3,护理,380,现付,否,否
V000026,2026-01-04,A店,AO0007,A4,护理,380,现付,否,否
V000319,2026-01-04,A店,AO0088,A4,护理,380,耗卡,否,否
V000340,2026-01-04,A店,AO0093,A5,护理,380,现付,否,否
V000377,2026-01-04,A店,AO0105,A4,剪发,180,耗卡,否,否
V000396,2026-01-04,A店,AO0111,A1,染烫,880,耗卡,是,否
V000506,2026-01-04,A店,AO0144,A5,剪发,180,现付,否,否
V000887,2026-01-04,A店,AO0259,A1,剪发,180,现付,否,否
V001004,2026-01-04,A店,AO0297,A5,护理,380,现付,否,否
V001237,2026-01-04,B店,BO0068,B1,护理,380,耗卡,否,否
V001372,2026-01-04,B店,BO0104,B1,护理,380,耗卡,否,否
V001427,2026-01-04,B店,BO0119,B3,剪发,180,耗卡,否,否
V001445,2026-01-04,A店,C00012,A4,护理,380,现付,是,否
V001485,2026-01-04,A店,C00044,A4,剪发,180,现付,否,否
V001504,2026-01-04,A店,C00061,A4,护理,380,现付,否,否
V002025,2026-01-04,B店,C00490,B1,剪发,180,现付,否,否
V002026,2026-01-04,B店,C00491,B3,剪发,180,现付,否,否
V002035,2026-01-04,B店,C00499,B3,剪发,180,现付,是,否
V002037,2026-01-04,B店,C00500,B2,护理,380,现付,否,否
V002054,2026-01-04,B店,C00514,B2,染烫,880,现付,否,否
V000313,2026-01-05,A店,AO0086,A2,护理,380,现付,否,否
V000412,2026-01-05,A店,AO0115,A1,剪发,180,现付,否,否
V000561,2026-01-05,A店,AO0162,A1,护理,380,现付,否,否
V000668,2026-01-05,A店,AO0195,A5,护理,380,现付,否,否
V000839,2026-01-05,A店,AO0247,A3,染烫,880,现付,否,否
V000958,2026-01-05,A店,AO0282,A4,护理,380,耗卡,否,是
V001158,2026-01-05,B店,BO0045,B2,剪发,180,耗卡,否,否
V001212,2026-01-05,B店,BO0059,B3,护理,380,现付,否,否
V001364,2026-01-05,B店,BO0101,B3,剪发,180,现付,否,否
V001456,2026-01-05,A店,C00021,A5,剪发,180,现付,否,否
V001471,2026-01-05,A店,C00033,A4,护理,380,现付,否,否
V001497,2026-01-05,A店,C00055,A5,剪发,180,现付,否,否
V001519,2026-01-05,A店,C00073,A1,剪发,180,现付,是,否
V002014,2026-01-05,B店,C00482,B3,剪发,180,现付,否,否
V000344,2026-01-06,A店,AO0094,A2,护理,380,耗卡,否,否
V000903,2026-01-06,A店,AO0263,A5,护理,380,耗卡,否,否
V001093,2026-01-06,B店,BO0025,B1,剪发,180,现付,否,否
V001218,2026-01-06,B店,BO0062,B3,染烫,880,耗卡,否,否
V001444,2026-01-06,A店,C00011,A1,护理,380,现付,否,否
V001453,2026-01-06,A店,C00019,A2,护理,380,现付,否,否
V001481,2026-01-06,A店,C00040,A2,护理,380,现付,是,否
V001499,2026-01-06,A店,C00057,A1,护理,380,现付,否,否
V001527,2026-01-06,A店,C00078,A1,剪发,180,现付,否,否
V002062,2026-01-06,B店,C00520,B1,护理,380,现付,否,否
V000032,2026-01-07,A店,AO0009,A5,护理,380,现付,否,否
V000110,2026-01-07,A店,AO0028,A4,剪发,180,现付,否,否
V000133,2026-01-07,A店,AO0034,A2,剪发,180,现付,否,否
V000391,2026-01-07,A店,AO0110,A1,护理,380,现付,否,否
V000445,2026-01-07,A店,AO0126,A1,染烫,880,耗卡,否,否
V000582,2026-01-07,A店,AO0168,A3,护理,380,耗卡,否,否
V000633,2026-01-07,A店,AO0184,A1,剪发,180,现付,否,否
V000653,2026-01-07,A店,AO0191,A1,护理,380,现付,否,否
V000966,2026-01-07,A店,AO0285,A5,染烫,880,耗卡,否,否
V001030,2026-01-07,B店,BO0006,B2,护理,380,现付,否,否
V001083,2026-01-07,B店,BO0021,B2,护理,380,现付,否,否
V001123,2026-01-07,B店,BO0034,B3,剪发,180,现付,否,否
V001255,2026-01-07,B店,BO0073,B3,染烫,880,现付,否,否
V001273,2026-01-07,B店,BO0077,B1,剪发,180,耗卡,是,否
V001309,2026-01-07,B店,BO0087,B2,染烫,880,现付,否,否
V001399,2026-01-07,B店,BO0110,B1,护理,380,现付,否,否
V001464,2026-01-07,A店,C00028,A2,护理,380,现付,否,否
V001484,2026-01-07,A店,C00043,A3,染烫,880,现付,否,否
V001489,2026-01-07,A店,C00048,A2,护理,380,现付,是,否
V001498,2026-01-07,A店,C00056,A2,染烫,880,现付,否,否
V002050,2026-01-07,B店,C00511,B3,剪发,180,现付,否,否
V002056,2026-01-07,B店,C00516,B3,染烫,880,现付,是,否
V000141,2026-01-08,A店,AO0037,A4,染烫,880,耗卡,否,否
V000192,2026-01-08,A店,AO0051,A4,护理,380,现付,否,否
V000265,2026-01-08,A店,AO0072,A4,护理,380,耗卡,否,否
V000477,2026-01-08,A店,AO0136,A1,护理,380,现付,否,否
V000550,2026-01-08,A店,AO0158,A2,护理,380,现付,否,否
V000552,2026-01-08,A店,AO0159,A2,护理,380,现付,是,否
V001051,2026-01-08,B店,BO0013,B2,剪发,180,现付,否,否
V001467,2026-01-08,A店,C00030,A2,护理,380,现付,否,否
V002034,2026-01-08,B店,C00498,B3,剪发,180,现付,是,否
V002044,2026-01-08,B店,C00506,B3,剪发,180,现付,否,否
V000168,2026-01-09,A店,AO0045,A4,护理,380,耗卡,否,否
V000573,2026-01-09,A店,AO0165,A4,剪发,180,耗卡,否,否
V000884,2026-01-09,A店,AO0258,A3,护理,380,耗卡,否,否
V000890,2026-01-09,A店,AO0260,A5,染烫,880,耗卡,否,否
V000935,2026-01-09,A店,AO0273,A1,剪发,180,现付,是,否
V000952,2026-01-09,A店,AO0280,A5,护理,380,耗卡,是,否
V001041,2026-01-09,B店,BO0010,B3,剪发,180,现付,否,否
V001127,2026-01-09,B店,BO0035,B3,剪发,180,现付,是,否
V001185,2026-01-09,B店,BO0052,B2,护理,380,现付,否,否
V001264,2026-01-09,B店,BO0075,B1,染烫,880,现付,否,否
V001354,2026-01-09,B店,BO0098,B3,护理,380,耗卡,否,否
V001416,2026-01-09,B店,BO0115,B1,染烫,880,耗卡,否,否
V001486,2026-01-09,A店,C00045,A5,染烫,880,现付,否,否
V002017,2026-01-09,B店,C00485,B2,染烫,880,现付,否,否
V000130,2026-01-10,A店,AO0033,A4,护理,380,耗卡,是,否
V000220,2026-01-10,A店,AO0060,A2,染烫,880,现付,否,否
V000442,2026-01-10,A店,AO0125,A3,染烫,880,现付,否,否
V000519,2026-01-10,A店,AO0148,A5,护理,380,现付,否,否
V000607,2026-01-10,A店,AO0176,A3,护理,380,耗卡,是,否
V000679,2026-01-10,A店,AO0199,A3,护理,380,现付,否,否
V000844,2026-01-10,A店,AO0248,A1,剪发,180,现付,否,否
V001199,2026-01-10,B店,BO0055,B1,剪发,180,现付,否,否
V001260,2026-01-10,B店,BO0074,B2,护理,380,耗卡,否,否
V001358,2026-01-10,B店,BO0099,B1,护理,380,耗卡,是,否
V001496,2026-01-10,A店,C00054,A3,染烫,880,现付,否,否
V001509,2026-01-10,A店,C00065,A1,护理,380,现付,否,否
V001525,2026-01-10,A店,C00077,A3,护理,380,现付,否,否
V001530,2026-01-10,A店,C00080,A3,护理,380,现付,否,否
V002023,2026-01-10,B店,C00489,B1,剪发,180,现付,否,否
V000536,2026-01-11,A店,AO0153,A2,护理,380,现付,是,否
V000716,2026-01-11,A店,AO0209,A1,剪发,180,耗卡,否,否
V000972,2026-01-11,A店,AO0287,A3,剪发,180,耗卡,否,否
V000990,2026-01-11,A店,AO0293,A3,护理,380,现付,否,否
V001117,2026-01-11,B店,BO0032,B3,染烫,880,现付,否,否
V001247,2026-01-11,B店,BO0071,B2,剪发,180,现付,否,否
V001462,2026-01-11,A店,C00026,A1,护理,380,现付,否,否
V001491,2026-01-11,A店,C00050,A1,剪发,180,现付,否,否
V001500,2026-01-11,A店,C00058,A5,剪发,180,现付,否,否
V001508,2026-01-11,A店,C00064,A2,剪发,180,现付,否,否
V000185,2026-01-12,A店,AO0049,A4,护理,380,现付,是,否
V000237,2026-01-12,A店,AO0064,A5,护理,380,耗卡,否,否
V000292,2026-01-12,A店,AO0080,A1,剪发,180,现付,否,否
V000834,2026-01-12,A店,AO0246,A1,护理,380,耗卡,否,否
V000948,2026-01-12,A店,AO0278,A5,护理,380,现付,否,否
V001409,2026-01-12,B店,BO0113,B2,剪发,180,现付,是,否
V001434,2026-01-12,A店,C00004,A5,护理,380,现付,是,否
V001439,2026-01-12,A店,C00007,A1,护理,380,现付,否,否
V001454,2026-01-12,A店,C00020,A3,护理,380,现付,否,否
V001487,2026-01-12,A店,C00046,A4,剪发,180,现付,否,否
V001488,2026-01-12,A店,C00047,A3,护理,380,现付,否,否
V001522,2026-01-12,A店,C00075,A4,染烫,880,现付,否,否
V002060,2026-01-12,B店,C00519,B3,剪发,180,现付,否,否
V000503,2026-01-13,A店,AO0143,A4,染烫,880,现付,否,否
V000557,2026-01-13,A店,AO0160,A2,护理,380,耗卡,否,否
V000693,2026-01-13,A店,AO0203,A5,染烫,880,现付,是,否
V000723,2026-01-13,A店,AO0212,A2,剪发,180,耗卡,否,否
V001045,2026-01-13,B店,BO0011,B2,护理,380,现付,否,否
V001071,2026-01-13,B店,BO0018,B1,染烫,880,耗卡,否,否
V001447,2026-01-13,A店,C00013,A3,护理,380,现付,是,否
V001482,2026-01-13,A店,C00041,A3,剪发,180,现付,否,否
V002030,2026-01-13,B店,C00495,B2,护理,380,现付,是,否
V002043,2026-01-13,B店,C00505,B2,护理,380,现付,否,是
V000149,2026-01-14,A店,AO0040,A4,剪发,180,现付,否,否
V000275,2026-01-14,A店,AO0075,A4,护理,380,耗卡,否,否
V000316,2026-01-14,A店,AO0087,A5,护理,380,耗卡,否,否
V000331,2026-01-14,A店,AO0091,A2,染烫,880,耗卡,否,否
V000359,2026-01-14,A店,AO0098,A2,护理,380,现付,否,否
V000435,2026-01-14,A店,AO0122,A2,护理,380,现付,否,否
V000825,2026-01-14,A店,AO0244,A1,护理,380,现付,是,否
V001054,2026-01-14,B店,BO0014,B3,护理,380,现付,否,否
V001100,2026-01-14,B店,BO0027,B2,染烫,880,现付,否,否
V001120,2026-01-14,B店,BO0033,B3,剪发,180,耗卡,否,否
V001143,2026-01-14,B店,BO0041,B1,剪发,180,耗卡,是,否
V001174,2026-01-14,B店,BO0049,B1,剪发,180,现付,否,否
V001233,2026-01-14,B店,BO0067,B3,剪发,180,现付,否,否
V001302,2026-01-14,B店,BO0085,B2,护理,380,耗卡,否,否
V001311,2026-01-14,B店,BO0088,B3,护理,380,现付,否,否
V002052,2026-01-14,B店,C00513,B1,护理,380,现付,是,否
V000254,2026-01-15,A店,AO0069,A2,剪发,180,现付,否,否
V000676,2026-01-15,A店,AO0198,A1,染烫,880,现付,否,否
V000817,2026-01-15,A店,AO0240,A3,剪发,180,耗卡,是,否
V001286,2026-01-15,B店,BO0081,B3,剪发,180,现付,否,否
V001327,2026-01-15,B店,BO0091,B1,护理,380,耗卡,否,否
V001337,2026-01-15,B店,BO0094,B3,护理,380,耗卡,否,否
V001449,2026-01-15,A店,C00015,A4,护理,380,现付,否,否
V001451,2026-01-15,A店,C00017,A3,剪发,180,现付,否,否
V000180,2026-01-16,A店,AO0048,A4,剪发,180,现付,是,否
V000246,2026-01-16,A店,AO0066,A5,护理,380,现付,否,否
V000737,2026-01-16,A店,AO0217,A5,染烫,880,耗卡,否,否
V000866,2026-01-16,A店,AO0253,A5,剪发,180,现付,是,否
V000945,2026-01-16,A店,AO0277,A5,护理,380,现付,否,否
V000997,2026-01-16,A店,AO0295,A4,护理,380,耗卡,否,否
V001224,2026-01-16,B店,BO0064,B3,护理,380,耗卡,否,否
V001230,2026-01-16,B店,BO0066,B3,剪发,180,现付,否,否
V001348,2026-01-16,B店,BO0097,B2,护理,380,现付,否,否
V001432,2026-01-16,A店,C00002,A1,护理,380,现付,否,否
V001466,2026-01-16,A店,C00029,A2,护理,380,现付,是,否
V001468,2026-01-16,A店,C00031,A3,护理,380,现付,否,否
V001492,2026-01-16,A店,C00051,A3,剪发,180,现付,否,否
V002039,2026-01-16,B店,C00502,B2,护理,380,现付,是,否
V002049,2026-01-16,B店,C00510,B2,护理,380,现付,否,否
V000106,2026-01-17,A店,AO0027,A2,剪发,180,现付,否,否
V000163,2026-01-17,A店,AO0044,A3,护理,380,现付,否,否
V000272,2026-01-17,A店,AO0074,A2,护理,380,耗卡,否,否
V000468,2026-01-17,A店,AO0134,A2,护理,380,现付,否,否
V000914,2026-01-17,A店,AO0267,A3,护理,380,耗卡,是,否
V001139,2026-01-17,B店,BO0040,B1,剪发,180,耗卡,否,否
V001165,2026-01-17,B店,BO0047,B2,剪发,180,耗卡,是,否
V002048,2026-01-17,B店,C00509,B2,染烫,880,现付,否,否
V000015,2026-01-18,A店,AO0004,A1,染烫,880,耗卡,否,否
V000065,2026-01-18,A店,AO0017,A4,剪发,180,现付,否,否
V000201,2026-01-18,A店,AO0054,A2,护理,380,现付,否,否
V000752,2026-01-18,A店,AO0221,A4,剪发,180,现付,否,否
V000871,2026-01-18,A店,AO0254,A4,护理,380,现付,否,否
V001298,2026-01-18,B店,BO0084,B2,染烫,880,现付,否,否
V001321,2026-01-18,B店,BO0090,B1,剪发,180,现付,否,否
V001412,2026-01-18,B店,BO0114,B2,剪发,180,耗卡,否,否
V001457,2026-01-18,A店,C00022,A4,护理,380,现付,否,否
V001473,2026-01-18,A店,C00034,A3,护理,380,现付,否,否
V001477,2026-01-18,A店,C00038,A2,护理,380,现付,否,否
V001511,2026-01-18,A店,C00067,A2,剪发,180,现付,是,否
V002015,2026-01-18,B店,C00483,B3,护理,380,现付,否,否
V002016,2026-01-18,B店,C00484,B1,护理,380,现付,是,否
V000308,2026-01-19,A店,AO0085,A4,护理,380,现付,否,否
V000323,2026-01-19,A店,AO0089,A2,护理,380,现付,否,否
V000459,2026-01-19,A店,AO0132,A4,护理,380,现付,是,否
V000515,2026-01-19,A店,AO0147,A4,染烫,880,耗卡,否,否
V000766,2026-01-19,A店,AO0225,A3,剪发,180,现付,否,否
V001009,2026-01-19,A店,AO0299,A3,护理,380,耗卡,否,否
V001111,2026-01-19,B店,BO0031,B1,染烫,880,耗卡,否,否
V001436,2026-01-19,A店,C00005,A5,剪发,180,现付,否,否
V001441,2026-01-19,A店,C00009,A5,染烫,880,现付,否,否
V001452,2026-01-19,A店,C00018,A5,护理,380,现付,否,否
V001458,2026-01-19,A店,C00023,A2,护理,380,现付,否,否
V002029,2026-01-19,B店,C00494,B1,剪发,180,现付,否,否
V002042,2026-01-19,B店,C00504,B1,护理,380,现付,否,否
V000122,2026-01-20,A店,AO0031,A3,剪发,180,现付,否,否
V000299,2026-01-20,A店,AO0082,A4,剪发,180,现付,否,是
V000494,2026-01-20,A店,AO0140,A5,染烫,880,现付,否,否
V000638,2026-01-20,A店,AO0186,A3,护理,380,耗卡,否,否
V001442,2026-01-20,A店,C00010,A3,护理,380,现付,是,否
V001448,2026-01-20,A店,C00014,A1,剪发,180,现付,否,否
V001502,2026-01-20,A店,C00060,A5,染烫,880,现付,否,否
V000229,2026-01-21,A店,AO0062,A2,剪发,180,耗卡,否,否
V000335,2026-01-21,A店,AO0092,A5,剪发,180,耗卡,否,否
V000611,2026-01-21,A店,AO0177,A5,护理,380,现付,否,否
V000749,2026-01-21,A店,AO0220,A1,护理,380,现付,否,否
V000821,2026-01-21,A店,AO0242,A3,护理,380,现付,否,否
V000874,2026-01-21,A店,AO0255,A5,染烫,880,现付,否,否
V001085,2026-01-21,B店,BO0022,B3,剪发,180,现付,否,否
V001330,2026-01-21,B店,BO0092,B1,剪发,180,耗卡,是,否
V001342,2026-01-21,B店,BO0095,B3,护理,380,现付,是,否
V001501,2026-01-21,A店,C00059,A3,护理,380,现付,否,否
V001520,2026-01-21,A店,C00073,A5,剪发,180,现付,否,否
V002057,2026-01-21,B店,C00517,B2,护理,380,现付,否,否
V000101,2026-01-22,A店,AO0025,A5,护理,380,耗卡,否,否
V000213,2026-01-22,A店,AO0058,A2,剪发,180,耗卡,否,否
V000400,2026-01-22,A店,AO0112,A2,护理,380,耗卡,否,否
V000453,2026-01-22,A店,AO0129,A3,护理,380,耗卡,否,否
V000604,2026-01-22,A店,AO0175,A4,护理,380,现付,否,否
V000729,2026-01-22,A店,AO0214,A3,染烫,880,耗卡,否,否
V000810,2026-01-22,A店,AO0238,A3,剪发,180,耗卡,否,否
V000878,2026-01-22,A店,AO0256,A1,剪发,180,耗卡,否,否
V000908,2026-01-22,A店,AO0265,A2,护理,380,耗卡,是,否
V001343,2026-01-22,B店,BO0096,B2,护理,380,耗卡,是,是
V001463,2026-01-22,A店,C00027,A1,剪发,180,现付,否,否
V001465,2026-01-22,A店,C00028,A5,护理,380,现付,否,否
V002013,2026-01-22,B店,C00481,B2,剪发,180,现付,否,是
V000081,2026-01-23,A店,AO0020,A3,染烫,880,耗卡,否,否
V000154,2026-01-23,A店,AO0041,A5,护理,380,现付,否,否
V000232,2026-01-23,A店,AO0063,A3,护理,380,现付,否,否
V000419,2026-01-23,A店,AO0117,A3,剪发,180,现付,否,否
V000473,2026-01-23,A店,AO0135,A1,护理,380,现付,否,否
V000593,2026-01-23,A店,AO0172,A3,护理,380,耗卡,否,否
V000904,2026-01-23,A店,AO0264,A5,染烫,880,耗卡,否,否
V001058,2026-01-23,B店,BO0015,B1,剪发,180,耗卡,是,否
V001102,2026-01-23,B店,BO0028,B3,剪发,180,现付,是,否
V001207,2026-01-23,B店,BO0058,B2,护理,380,现付,否,否
V001245,2026-01-23,B店,BO0070,B2,护理,380,现付,否,否
V001377,2026-01-23,B店,BO0105,B2,剪发,180,现付,是,否
V002032,2026-01-23,B店,C00496,B2,剪发,180,现付,是,否
V002033,2026-01-23,B店,C00497,B3,护理,380,现付,否,否
V002045,2026-01-23,B店,C00507,B3,染烫,880,现付,否,否
V000055,2026-01-24,A店,AO0014,A2,染烫,880,现付,否,否
V000697,2026-01-24,A店,AO0204,A2,剪发,180,现付,否,否
V000770,2026-01-24,A店,AO0226,A4,染烫,880,耗卡,是,否
V000798,2026-01-24,A店,AO0234,A3,护理,380,耗卡,否,否
V000916,2026-01-24,A店,AO0268,A2,染烫,880,现付,否,否
V000981,2026-01-24,A店,AO0290,A2,染烫,880,耗卡,否,否
V001087,2026-01-24,B店,BO0023,B1,护理,380,耗卡,是,否
V001176,2026-01-24,B店,BO0050,B3,剪发,180,现付,否,否
V001194,2026-01-24,B店,BO0054,B3,剪发,180,耗卡,否,否
V001279,2026-01-24,B店,BO0079,B3,染烫,880,现付,否,否
V001390,2026-01-24,B店,BO0108,B1,护理,380,现付,是,否
V001483,2026-01-24,A店,C00042,A5,护理,380,现付,否,否
V001493,2026-01-24,A店,C00052,A1,护理,380,现付,否,否
V001521,2026-01-24,A店,C00074,A3,剪发,180,现付,否,否
V002028,2026-01-24,B店,C00493,B3,染烫,880,现付,否,否
V000018,2026-01-25,A店,AO0005,A5,护理,380,现付,否,否
V000117,2026-01-25,A店,AO0030,A3,剪发,180,现付,否,否
V000289,2026-01-25,A店,AO0079,A2,剪发,180,现付,否,否
V000406,2026-01-25,A店,AO0113,A2,剪发,180,耗卡,是,否
V001105,2026-01-25,B店,BO0029,B2,护理,380,现付,否,否
V001154,2026-01-25,B店,BO0044,B3,护理,380,现付,否,否
V001316,2026-01-25,B店,BO0089,B1,护理,380,现付,否,否
V002047,2026-01-25,B店,C00508,B3,染烫,880,现付,否,否
V000210,2026-01-26,A店,AO0057,A4,剪发,180,现付,是,否
V000327,2026-01-26,A店,AO0090,A1,剪发,180,现付,是,否
V000529,2026-01-26,A店,AO0151,A3,剪发,180,现付,否,否
V000708,2026-01-26,A店,AO0207,A1,护理,380,耗卡,否,否
V000719,2026-01-26,A店,AO0210,A4,染烫,880,现付,否,否
V000829,2026-01-26,A店,AO0245,A4,护理,380,耗卡,是,否
V001162,2026-01-26,B店,BO0046,B3,护理,380,耗卡,否,否
V001382,2026-01-26,B店,BO0106,B2,剪发,180,耗卡,是,否
V001437,2026-01-26,A店,C00006,A5,护理,380,现付,否,否
V001505,2026-01-26,A店,C00062,A4,剪发,180,现付,否,是
V001518,2026-01-26,A店,C00072,A5,护理,380,现付,否,否
V002053,2026-01-26,B店,C00513,B1,护理,380,现付,否,否
V000136,2026-01-27,A店,AO0035,A3,染烫,880,现付,否,否
V000146,2026-01-27,A店,AO0039,A2,剪发,180,耗卡,否,否
V000483,2026-01-27,A店,AO0137,A4,护理,380,现付,否,否
V000525,2026-01-27,A店,AO0150,A2,染烫,880,现付,是,否
V000920,2026-01-27,A店,AO0269,A3,护理,380,现付,否,否
V001240,2026-01-27,B店,BO0069,B1,剪发,180,耗卡,否,否
V001291,2026-01-27,B店,BO0082,B2,剪发,180,现付,否,否
V001419,2026-01-27,B店,BO0116,B3,剪发,180,现付,否,否
V001450,2026-01-27,A店,C00016,A1,护理,380,现付,否,否
V001490,2026-01-27,A店,C00049,A4,护理,380,现付,否,否
V001510,2026-01-27,A店,C00066,A4,护理,380,现付,否,否
V001529,2026-01-27,A店,C00079,A2,染烫,880,现付,否,否
V002022,2026-01-27,B店,C00488,B1,剪发,180,现付,否,否
V000049,2026-01-28,A店,AO0013,A2,护理,380,现付,否,否
V000225,2026-01-28,A店,AO0061,A2,护理,380,耗卡,否,否
V000730,2026-01-28,A店,AO0215,A3,护理,380,耗卡,否,否
V000757,2026-01-28,A店,AO0223,A5,剪发,180,耗卡,否,否
V000823,2026-01-28,A店,AO0243,A1,护理,380,耗卡,否,否
V001150,2026-01-28,B店,BO0043,B3,剪发,180,耗卡,是,否
V001460,2026-01-28,A店,C00024,A1,护理,380,现付,否,否
V002020,2026-01-28,B店,C00487,B2,护理,380,现付,否,否
V002038,2026-01-28,B店,C00501,B2,护理,380,现付,否,否
V001431,2026-01-29,A店,C00001,A5,护理,380,现付,否,否
V001469,2026-01-29,A店,C00032,A4,护理,380,现付,否,否
V001475,2026-01-29,A店,C00036,A1,护理,380,现付,否,否
V002040,2026-01-29,B店,C00502,B3,护理,380,现付,否,否
V002041,2026-01-29,B店,C00503,B1,护理,380,现付,否,是
V002051,2026-01-29,B店,C00512,B2,护理,380,现付,否,否
V001479,2026-01-30,A店,C00039,A5,护理,380,现付,否,否
V001506,2026-01-30,A店,C00063,A2,护理,380,现付,否,是
V001513,2026-01-30,A店,C00068,A2,护理,380,现付,否,否
V001515,2026-01-30,A店,C00069,A1,护理,380,现付,否,否
V001517,2026-01-30,A店,C00071,A4,剪发,180,现付,否,否
V002027,2026-01-30,B店,C00492,B3,染烫,880,现付,否,否
V000290,2026-02-01,A店,AO0079,A1,护理,380,耗卡,否,否
V000314,2026-02-01,A店,AO0086,A3,染烫,880,现付,是,否
V000336,2026-02-01,A店,AO0092,A1,剪发,180,耗卡,否,否
V000672,2026-02-01,A店,AO0197,A4,护理,380,现付,是,否
V000721,2026-02-01,A店,AO0211,A4,护理,380,耗卡,否,否
V000921,2026-02-01,A店,AO0269,A4,剪发,180,现付,否,否
V000985,2026-02-01,A店,AO0292,A2,护理,380,现付,否,否
V001002,2026-02-01,A店,AO0296,A1,剪发,180,耗卡,否,否
V001221,2026-02-01,B店,BO0063,B3,护理,380,耗卡,否,否
V001472,2026-02-01,A店,C00033,A5,护理,380,现付,否,否
V001586,2026-02-01,A店,C00126,A5,护理,380,现付,否,否
V001599,2026-02-01,A店,C00137,A3,护理,380,现付,否,否
V002091,2026-02-01,B店,C00542,B3,剪发,180,现付,否,否
V000033,2026-02-02,A店,AO0009,A5,剪发,180,现付,否,否
V000044,2026-02-02,A店,AO0012,A2,染烫,880,现付,否,否
V000260,2026-02-02,A店,AO0071,A1,护理,380,现付,否,否
V000717,2026-02-02,A店,AO0209,A5,护理,380,耗卡,否,否
V000924,2026-02-02,A店,AO0270,A3,剪发,180,现付,否,否
V001144,2026-02-02,B店,BO0041,B2,护理,380,现付,否,否
V001181,2026-02-02,B店,BO0051,B2,染烫,880,现付,是,是
V001225,2026-02-02,B店,BO0064,B3,护理,380,耗卡,否,否
V001560,2026-02-02,A店,C00104,A4,护理,380,现付,否,否
V002074,2026-02-02,B店,C00530,B1,剪发,180,现付,否,否
V002090,2026-02-02,B店,C00541,B3,护理,380,现付,否,否
V000127,2026-02-03,A店,AO0032,A2,剪发,180,耗卡,否,否
V000137,2026-02-03,A店,AO0035,A4,护理,380,现付,否,否
V000280,2026-02-03,A店,AO0076,A5,护理,380,耗卡,否,否
V000356,2026-02-03,A店,AO0097,A4,剪发,180,耗卡,否,否
V000420,2026-02-03,A店,AO0117,A1,护理,380,现付,是,否
V000478,2026-02-03,A店,AO0136,A1,剪发,180,耗卡,否,否
V000523,2026-02-03,A店,AO0149,A5,染烫,880,耗卡,否,否
V000526,2026-02-03,A店,AO0150,A5,护理,380,现付,是,否
V000734,2026-02-03,A店,AO0216,A4,剪发,180,耗卡,否,否
V001039,2026-02-03,B店,BO0009,B3,剪发,180,现付,是,否
V001523,2026-02-03,A店,C00075,A5,染烫,880,现付,是,否
V001535,2026-02-03,A店,C00084,A2,护理,380,现付,否,否
V001544,2026-02-03,A店,C00091,A3,剪发,180,现付,否,否
V001552,2026-02-03,A店,C00097,A2,护理,380,现付,是,否
V002071,2026-02-03,B店,C00528,B3,护理,380,现付,是,否
V002098,2026-02-03,B店,C00548,B2,护理,380,现付,否,否
V002107,2026-02-03,B店,C00555,B3,剪发,180,现付,否,否
V000019,2026-02-04,A店,AO0005,A3,染烫,880,现付,否,否
V000369,2026-02-04,A店,AO0102,A1,护理,380,现付,否,否
V000755,2026-02-04,A店,AO0222,A3,剪发,180,现付,否,否
V000789,2026-02-04,A店,AO0231,A4,护理,380,耗卡,否,否
V000835,2026-02-04,A店,AO0246,A3,剪发,180,耗卡,否,否
V000977,2026-02-04,A店,AO0289,A5,护理,380,耗卡,否,否
V001012,2026-02-04,B店,BO0000,B2,剪发,180,现付,否,否
V001213,2026-02-04,B店,BO0059,B3,护理,380,耗卡,否,否
V001312,2026-02-04,B店,BO0088,B1,护理,380,耗卡,否,否
V001361,2026-02-04,B店,BO0100,B3,染烫,880,现付,否,否
V001373,2026-02-04,B店,BO0104,B1,护理,380,现付,否,否
V001557,2026-02-04,A店,C00101,A4,剪发,180,现付,否,否
V001590,2026-02-04,A店,C00130,A2,剪发,180,现付,否,否
V001596,2026-02-04,A店,C00134,A3,护理,380,现付,是,否
V001615,2026-02-04,A店,C00148,A1,护理,380,现付,否,否
V002036,2026-02-04,B店,C00499,B1,剪发,180,现付,否,否
V002064,2026-02-04,B店,C00521,B2,剪发,180,现付,否,否
V002111,2026-02-04,B店,C00558,B2,护理,380,现付,否,否
V001036,2026-02-05,B店,BO0008,B1,染烫,880,耗卡,否,否
V001088,2026-02-05,B店,BO0023,B1,护理,380,现付,否,否
V001299,2026-02-05,B店,BO0084,B3,剪发,180,现付,否,否
V001402,2026-02-05,B店,BO0111,B1,护理,380,耗卡,否,否
V002065,2026-02-05,B店,C00522,B1,剪发,180,现付,否,是
V002095,2026-02-05,B店,C00546,B2,剪发,180,现付,否,否
V000296,2026-02-06,A店,AO0081,A2,剪发,180,耗卡,否,否
V000345,2026-02-06,A店,AO0094,A4,剪发,180,现付,否,否
V000758,2026-02-06,A店,AO0223,A1,护理,380,现付,否,否
V000830,2026-02-06,A店,AO0245,A2,剪发,180,现付,是,否
V000936,2026-02-06,A店,AO0273,A4,染烫,880,耗卡,否,否
V001177,2026-02-06,B店,BO0050,B3,剪发,180,现付,否,否
V001303,2026-02-06,B店,BO0085,B1,剪发,180,现付,是,否
V001538,2026-02-06,A店,C00086,A1,护理,380,现付,否,否
V001588,2026-02-06,A店,C00128,A2,剪发,180,现付,否,否
V002080,2026-02-06,B店,C00534,B3,剪发,180,现付,是,否
V002103,2026-02-06,B店,C00552,B3,护理,380,现付,否,否
V000221,2026-02-07,A店,AO0060,A4,剪发,180,耗卡,是,否
V000397,2026-02-07,A店,AO0111,A1,染烫,880,耗卡,否,否
V000463,2026-02-07,A店,AO0133,A2,剪发,180,耗卡,否,否
V000469,2026-02-07,A店,AO0134,A4,护理,380,现付,是,否
V000562,2026-02-07,A店,AO0162,A1,护理,380,现付,否,否
V000625,2026-02-07,A店,AO0181,A2,护理,380,耗卡,否,否
V000698,2026-02-07,A店,AO0204,A1,护理,380,耗卡,否,否
V000811,2026-02-07,A店,AO0238,A2,护理,380,现付,否,否
V000848,2026-02-07,A店,AO0249,A4,染烫,880,现付,否,否
V000880,2026-02-07,A店,AO0257,A2,护理,380,耗卡,否,否
V001280,2026-02-07,B店,BO0079,B3,染烫,880,现付,否,否
V001338,2026-02-07,B店,BO0094,B3,护理,380,现付,否,否
V001413,2026-02-07,B店,BO0114,B3,染烫,880,现付,否,否
V001417,2026-02-07,B店,BO0115,B3,护理,380,现付,是,否
V001455,2026-02-07,A店,C00020,A5,护理,380,现付,否,否
V001577,2026-02-07,A店,C00117,A3,护理,380,现付,否,否
V001580,2026-02-07,A店,C00120,A2,剪发,180,现付,否,否
V002070,2026-02-07,B店,C00527,B1,剪发,180,现付,否,否
V002094,2026-02-07,B店,C00545,B3,剪发,180,现付,否,否
V002109,2026-02-07,B店,C00556,B3,护理,380,现付,否,否
V002112,2026-02-07,B店,C00559,B1,染烫,880,现付,否,否
V000085,2026-02-08,A店,AO0021,A4,染烫,880,耗卡,否,否
V000089,2026-02-08,A店,AO0022,A5,护理,380,耗卡,否,否
V000105,2026-02-08,A店,AO0026,A5,染烫,880,现付,否,否
V000139,2026-02-08,A店,AO0036,A5,剪发,180,现付,否,否
V000155,2026-02-08,A店,AO0041,A4,护理,380,现付,否,否
V000251,2026-02-08,A店,AO0068,A3,护理,380,耗卡,否,否
V000449,2026-02-08,A店,AO0127,A3,剪发,180,现付,否,否
V000542,2026-02-08,A店,AO0156,A3,染烫,880,现付,是,否
V001059,2026-02-08,B店,BO0015,B2,护理,380,现付,是,否
V001103,2026-02-08,B店,BO0028,B2,护理,380,耗卡,否,否
V001421,2026-02-08,B店,BO0117,B3,护理,380,耗卡,否,否
V001443,2026-02-08,A店,C00010,A5,护理,380,现付,否,否
V001503,2026-02-08,A店,C00060,A1,染烫,880,现付,否,否
V001528,2026-02-08,A店,C00078,A4,剪发,180,现付,是,否
V001564,2026-02-08,A店,C00108,A5,染烫,880,现付,否,否
V001572,2026-02-08,A店,C00114,A2,剪发,180,现付,是,否
V000001,2026-02-09,A店,AO0000,A1,护理,380,耗卡,否,否
V000569,2026-02-09,A店,AO0164,A1,护理,380,耗卡,否,否
V000745,2026-02-09,A店,AO0219,A2,护理,380,耗卡,否,否
V000753,2026-02-09,A店,AO0221,A5,护理,380,耗卡,否,否
V000862,2026-02-09,A店,AO0252,A5,剪发,180,现付,否,否
V000895,2026-02-09,A店,AO0261,A2,护理,380,现付,否,否
V001317,2026-02-09,B店,BO0089,B1,护理,380,耗卡,否,否
V001334,2026-02-09,B店,BO0093,B3,护理,380,现付,否,否
V001611,2026-02-09,A店,C00145,A2,护理,380,现付,否,否
V001612,2026-02-09,A店,C00146,A2,护理,380,现付,否,否
V002075,2026-02-09,B店,C00531,B1,护理,380,现付,是,否
V000131,2026-02-10,A店,AO0033,A4,染烫,880,耗卡,否,否
V000198,2026-02-10,A店,AO0053,A2,染烫,880,现付,否,否
V000207,2026-02-10,A店,AO0056,A5,剪发,180,现付,否,否
V000433,2026-02-10,A店,AO0121,A1,护理,380,现付,否,否
V000641,2026-02-10,A店,AO0187,A2,护理,380,现付,否,否
V001480,2026-02-10,A店,C00039,A5,护理,380,现付,是,否
V001531,2026-02-10,A店,C00081,A1,护理,380,现付,否,否
V001562,2026-02-10,A店,C00106,A3,剪发,180,现付,否,否
V001566,2026-02-10,A店,C00110,A3,护理,380,现付,否,否
V001600,2026-02-10,A店,C00138,A3,护理,380,现付,否,否
V001613,2026-02-10,A店,C00147,A5,护理,380,现付,否,否
V002096,2026-02-10,B店,C00547,B1,护理,380,现付,否,否
V000123,2026-02-11,A店,AO0031,A4,剪发,180,现付,否,否
V000353,2026-02-11,A店,AO0096,A4,染烫,880,现付,否,否
V000495,2026-02-11,A店,AO0140,A2,护理,380,耗卡,否,否
V000516,2026-02-11,A店,AO0147,A5,剪发,180,现付,否,否
V000594,2026-02-11,A店,AO0172,A5,护理,380,耗卡,否,否
V000724,2026-02-11,A店,AO0212,A4,护理,380,现付,否,否
V000991,2026-02-11,A店,AO0293,A1,护理,380,现付,是,否
V001135,2026-02-11,B店,BO0038,B1,护理,380,现付,否,否
V001140,2026-02-11,B店,BO0040,B1,剪发,180,现付,否,否
V001200,2026-02-11,B店,BO0055,B1,护理,380,耗卡,否,否
V001252,2026-02-11,B店,BO0072,B1,剪发,180,现付,否,否
V001268,2026-02-11,B店,BO0076,B1,护理,380,现付,否,否
V001344,2026-02-11,B店,BO0096,B1,护理,380,现付,否,否
V001559,2026-02-11,A店,C00103,A3,剪发,180,现付,否,否
V001597,2026-02-11,A店,C00135,A4,护理,380,现付,否,否
V001598,2026-02-11,A店,C00136,A5,剪发,180,现付,否,否
V001629,2026-02-11,A店,C00160,A5,护理,380,现付,否,否
V002104,2026-02-11,B店,C00553,B1,剪发,180,现付,否,否
V000202,2026-02-12,A店,AO0054,A1,护理,380,现付,否,否
V000905,2026-02-12,A店,AO0264,A1,护理,380,现付,否,否
V001121,2026-02-12,B店,BO0033,B3,染烫,880,现付,否,否
V001186,2026-02-12,B店,BO0052,B1,染烫,880,现付,否,否
V001507,2026-02-12,A店,C00063,A2,护理,380,现付,否,否
V001547,2026-02-12,A店,C00093,A4,护理,380,现付,否,否
V001555,2026-02-12,A店,C00099,A4,护理,380,现付,否,是
V001558,2026-02-12,A店,C00102,A4,护理,380,现付,否,否
V001626,2026-02-12,A店,C00157,A3,护理,380,现付,否,否
V002059,2026-02-12,B店,C00518,B3,护理,380,现付,否,否
V002082,2026-02-12,B店,C00536,B3,剪发,180,现付,否,否
V000006,2026-02-13,A店,AO0001,A5,护理,380,耗卡,否,否
V000036,2026-02-13,A店,AO0010,A4,护理,380,现付,否,否
V000118,2026-02-13,A店,AO0030,A1,护理,380,现付,否,否
V000250,2026-02-13,A店,AO0067,A5,护理,380,耗卡,否,否
V000276,2026-02-13,A店,AO0075,A5,护理,380,现付,是,否
V000440,2026-02-13,A店,AO0124,A2,染烫,880,耗卡,是,否
V000629,2026-02-13,A店,AO0183,A5,护理,380,现付,否,否
V001097,2026-02-13,B店,BO0026,B2,护理,380,耗卡,否,否
V001195,2026-02-13,B店,BO0054,B1,护理,380,现付,否,否
V001378,2026-02-13,B店,BO0105,B3,护理,380,耗卡,否,否
V001556,2026-02-13,A店,C00100,A4,护理,380,现付,否,否
V001624,2026-02-13,A店,C00155,A5,染烫,880,现付,否,否
V002086,2026-02-13,B店,C00539,B2,护理,380,现付,否,否
V000196,2026-02-14,A店,AO0052,A4,护理,380,现付,否,否
V000300,2026-02-14,A店,AO0082,A3,护理,380,现付,否,否
V000392,2026-02-14,A店,AO0110,A2,护理,380,耗卡,否,否
V000533,2026-02-14,A店,AO0152,A2,染烫,880,现付,否,否
V000649,2026-02-14,A店,AO0190,A2,护理,380,耗卡,否,否
V000891,2026-02-14,A店,AO0260,A3,剪发,180,耗卡,否,否
V000973,2026-02-14,A店,AO0287,A2,护理,380,耗卡,否,否
V001365,2026-02-14,B店,BO0101,B2,剪发,180,现付,是,否
V001550,2026-02-14,A店,C00095,A3,护理,380,现付,否,否
V001561,2026-02-14,A店,C00105,A1,护理,380,现付,否,否
V001569,2026-02-14,A店,C00112,A2,剪发,180,现付,否,否
V002063,2026-02-14,B店,C00520,B1,护理,380,现付,否,否
V000178,2026-02-15,A店,AO0047,A3,剪发,180,耗卡,是,否
V000273,2026-02-15,A店,AO0074,A1,剪发,180,耗卡,否,否
V000362,2026-02-15,A店,AO0099,A1,护理,380,现付,否,否
V000383,2026-02-15,A店,AO0107,A3,染烫,880,现付,否,否
V000422,2026-02-15,A店,AO0118,A3,护理,380,现付,是,否
V000712,2026-02-15,A店,AO0208,A3,染烫,880,耗卡,是,否
V000784,2026-02-15,A店,AO0230,A3,剪发,180,现付,是,否
V000909,2026-02-15,A店,AO0265,A4,染烫,880,耗卡,是,否
V000982,2026-02-15,A店,AO0290,A1,护理,380,现付,否,否
V001287,2026-02-15,B店,BO0081,B2,剪发,180,耗卡,否,否
V001446,2026-02-15,A店,C00012,A5,护理,380,现付,否,否
V001532,2026-02-15,A店,C00082,A2,剪发,180,现付,是,否
V001589,2026-02-15,A店,C00129,A4,剪发,180,现付,否,否
V001617,2026-02-15,A店,C00150,A4,护理,380,现付,否,否
V001628,2026-02-15,A店,C00159,A2,护理,380,现付,否,否
V002024,2026-02-15,B店,C00489,B1,剪发,180,现付,否,否
V002081,2026-02-15,B店,C00535,B2,护理,380,现付,是,否
V000257,2026-02-16,A店,AO0070,A3,剪发,180,耗卡,否,否
V000486,2026-02-16,A店,AO0138,A1,护理,380,现付,是,否
V000539,2026-02-16,A店,AO0154,A3,剪发,180,耗卡,否,否
V000799,2026-02-16,A店,AO0234,A4,剪发,180,耗卡,否,否
V000879,2026-02-16,A店,AO0256,A4,护理,380,现付,否,否
V001007,2026-02-16,A店,AO0298,A2,染烫,880,现付,是,否
V001124,2026-02-16,B店,BO0034,B3,剪发,180,耗卡,否,否
V001383,2026-02-16,B店,BO0106,B3,剪发,180,耗卡,否,否
V001541,2026-02-16,A店,C00088,A2,护理,380,现付,否,否
V001592,2026-02-16,A店,C00131,A4,护理,380,现付,否,否
V001621,2026-02-16,A店,C00152,A4,护理,380,现付,否,否
V002085,2026-02-16,B店,C00538,B1,护理,380,现付,是,否
V002108,2026-02-16,B店,C00555,B3,剪发,180,现付,否,否
V000547,2026-02-17,A店,AO0157,A3,剪发,180,耗卡,否,否
V000560,2026-02-17,A店,AO0161,A4,护理,380,现付,否,否
V000709,2026-02-17,A店,AO0207,A4,护理,380,耗卡,否,否
V001080,2026-02-17,B店,BO0020,B3,护理,380,耗卡,否,否
V001623,2026-02-17,A店,C00154,A5,剪发,180,现付,否,否
V002088,2026-02-17,B店,C00540,B3,护理,380,现付,是,否
V002102,2026-02-17,B店,C00551,B1,染烫,880,现付,否,否
V002106,2026-02-17,B店,C00554,B3,护理,380,现付,是,否
V000102,2026-02-18,A店,AO0025,A3,护理,380,耗卡,否,否
V000111,2026-02-18,A店,AO0028,A4,护理,380,耗卡,是,否
V000186,2026-02-18,A店,AO0049,A2,护理,380,现付,否,否
V000189,2026-02-18,A店,AO0050,A1,染烫,880,现付,否,否
V000233,2026-02-18,A店,AO0063,A1,护理,380,耗卡,否,否
V000238,2026-02-18,A店,AO0064,A2,护理,380,耗卡,否,否
V000665,2026-02-18,A店,AO0194,A3,染烫,880,耗卡,否,否
V000731,2026-02-18,A店,AO0215,A3,染烫,880,耗卡,否,否
V000771,2026-02-18,A店,AO0226,A1,染烫,880,现付,是,否
V000994,2026-02-18,A店,AO0294,A5,剪发,180,耗卡,否,否
V001159,2026-02-18,B店,BO0045,B1,护理,380,耗卡,否,否
V001295,2026-02-18,B店,BO0083,B1,护理,380,耗卡,是,否
V001307,2026-02-18,B店,BO0086,B2,剪发,180,现付,否,否
V001526,2026-02-18,A店,C00077,A1,护理,380,现付,是,否
V001563,2026-02-18,A店,C00107,A4,剪发,180,现付,否,否
V001581,2026-02-18,A店,C00121,A4,剪发,180,现付,否,否
V001610,2026-02-18,A店,C00144,A1,护理,380,现付,否,否
V002100,2026-02-18,B店,C00550,B3,护理,380,现付,是,否
V000082,2026-02-19,A店,AO0020,A4,剪发,180,耗卡,否,否
V000098,2026-02-19,A店,AO0024,A5,染烫,880,耗卡,是,否
V000164,2026-02-19,A店,AO0044,A2,剪发,180,现付,否,否
V000704,2026-02-19,A店,AO0206,A3,剪发,180,现付,是,否
V000875,2026-02-19,A店,AO0255,A1,护理,380,耗卡,否,否
V000970,2026-02-19,A店,AO0286,A2,剪发,180,现付,否,否
V001064,2026-02-19,B店,BO0016,B3,染烫,880,现付,是,否
V001241,2026-02-19,B店,BO0069,B1,染烫,880,现付,否,否
V001369,2026-02-19,B店,BO0103,B1,剪发,180,现付,否,否
V001423,2026-02-19,B店,BO0118,B1,剪发,180,现付,否,是
V001537,2026-02-19,A店,C00085,A1,剪发,180,现付,否,否
V001540,2026-02-19,A店,C00087,A4,护理,380,现付,否,否
V001573,2026-02-19,A店,C00115,A5,剪发,180,现付,否,否
V001578,2026-02-19,A店,C00118,A4,护理,380,现付,否,否
V001616,2026-02-19,A店,C00149,A4,染烫,880,现付,否,否
V002068,2026-02-19,B店,C00525,B2,染烫,880,现付,否,否
V002069,2026-02-19,B店,C00526,B1,护理,380,现付,否,否
V000041,2026-02-20,A店,AO0011,A3,护理,380,耗卡,否,否
V000401,2026-02-20,A店,AO0112,A3,剪发,180,耗卡,否,否
V000583,2026-02-20,A店,AO0168,A1,护理,380,现付,否,否
V000588,2026-02-20,A店,AO0170,A3,染烫,880,耗卡,否,否
V000598,2026-02-20,A店,AO0173,A1,剪发,180,现付,是,否
V000840,2026-02-20,A店,AO0247,A2,剪发,180,现付,否,否
V000953,2026-02-20,A店,AO0280,A4,护理,380,现付,否,否
V001551,2026-02-20,A店,C00096,A3,护理,380,现付,否,否
V001568,2026-02-20,A店,C00111,A2,染烫,880,现付,否,否
V001593,2026-02-20,A店,C00132,A1,护理,380,现付,否,否
V001625,2026-02-20,A店,C00156,A3,剪发,180,现付,否,否
V002083,2026-02-20,B店,C00537,B2,护理,380,现付,否,否
V000009,2026-02-21,A店,AO0002,A2,护理,380,现付,否,否
V000016,2026-02-21,A店,AO0004,A2,护理,380,耗卡,否,否
V000027,2026-02-21,A店,AO0007,A4,染烫,880,耗卡,否,否
V000062,2026-02-21,A店,AO0016,A4,剪发,180,现付,否,否
V000144,2026-02-21,A店,AO0038,A2,护理,380,耗卡,否,否
V000932,2026-02-21,A店,AO0272,A4,剪发,180,耗卡,是,否
V000942,2026-02-21,A店,AO0275,A1,染烫,880,现付,否,否
V001147,2026-02-21,B店,BO0042,B1,护理,380,耗卡,是,否
V001216,2026-02-21,B店,BO0061,B2,剪发,180,现付,否,否
V001394,2026-02-21,B店,BO0109,B1,护理,380,耗卡,是,否
V001585,2026-02-21,A店,C00125,A5,护理,380,现付,否,否
V001595,2026-02-21,A店,C00133,A1,剪发,180,现付,是,否
V001604,2026-02-21,A店,C00140,A3,染烫,880,现付,否,否
V002018,2026-02-21,B店,C00485,B2,染烫,880,现付,是,否
V000415,2026-02-22,A店,AO0116,A3,剪发,180,耗卡,否,否
V000426,2026-02-22,A店,AO0119,A1,护理,380,耗卡,否,否
V000530,2026-02-22,A店,AO0151,A2,护理,380,耗卡,是,否
V000858,2026-02-22,A店,AO0251,A4,剪发,180,现付,否,否
V001072,2026-02-22,B店,BO0018,B1,剪发,180,现付,是,否
V001155,2026-02-22,B店,BO0044,B3,护理,380,耗卡,否,否
V001163,2026-02-22,B店,BO0046,B3,剪发,180,耗卡,是,否
V001331,2026-02-22,B店,BO0092,B1,护理,380,现付,否,否
V001349,2026-02-22,B店,BO0097,B3,染烫,880,现付,否,否
V001545,2026-02-22,A店,C00091,A2,剪发,180,现付,否,否
V001570,2026-02-22,A店,C00113,A2,护理,380,现付,是,否
V001582,2026-02-22,A店,C00122,A3,染烫,880,现付,否,否
V001622,2026-02-22,A店,C00153,A1,护理,380,现付,否,否
V002066,2026-02-22,B店,C00523,B1,护理,380,现付,否,否
V002078,2026-02-22,B店,C00533,B1,剪发,180,现付,是,是
V000169,2026-02-23,A店,AO0045,A3,护理,380,现付,是,否
V000181,2026-02-23,A店,AO0048,A1,护理,380,现付,否,否
V000286,2026-02-23,A店,AO0078,A1,护理,380,现付,否,否
V000372,2026-02-23,A店,AO0103,A4,剪发,180,现付,是,否
V000374,2026-02-23,A店,AO0104,A2,护理,380,现付,是,否
V000454,2026-02-23,A店,AO0129,A2,染烫,880,现付,是,否
V000484,2026-02-23,A店,AO0137,A2,剪发,180,现付,是,否
V000574,2026-02-23,A店,AO0165,A3,护理,380,耗卡,否,否
V000656,2026-02-23,A店,AO0192,A4,染烫,880,耗卡,是,否
V000684,2026-02-23,A店,AO0200,A5,护理,380,现付,否,否
V000804,2026-02-23,A店,AO0236,A3,剪发,180,耗卡,否,否
V000872,2026-02-23,A店,AO0254,A3,剪发,180,耗卡,否,否
V001067,2026-02-23,B店,BO0017,B1,染烫,880,耗卡,否,否
V001077,2026-02-23,B店,BO0019,B1,护理,380,耗卡,是,否
V001428,2026-02-23,B店,BO0119,B2,护理,380,现付,否,是
V001543,2026-02-23,A店,C00090,A5,护理,380,现付,否,否
V001548,2026-02-23,A店,C00094,A4,染烫,880,现付,是,否
V002067,2026-02-23,B店,C00524,B3,护理,380,现付,否,否
V000072,2026-02-24,A店,AO0018,A2,剪发,180,现付,否,否
V000266,2026-02-24,A店,AO0072,A3,剪发,180,耗卡,否,否
V000309,2026-02-24,A店,AO0085,A1,护理,380,现付,否,否
V000379,2026-02-24,A店,AO0106,A1,剪发,180,耗卡,否,否
V000507,2026-02-24,A店,AO0144,A4,染烫,880,现付,否,否
V000612,2026-02-24,A店,AO0177,A2,剪发,180,耗卡,否,否
V000634,2026-02-24,A店,AO0184,A3,染烫,880,现付,否,否
V000750,2026-02-24,A店,AO0220,A2,染烫,880,现付,否,否
V001128,2026-02-24,B店,BO0035,B2,剪发,180,现付,否,否
V001137,2026-02-24,B店,BO0039,B1,护理,380,现付,否,否
V001189,2026-02-24,B店,BO0053,B1,染烫,880,耗卡,否,否
V001256,2026-02-24,B店,BO0073,B2,剪发,180,现付,否,否
V001565,2026-02-24,A店,C00109,A4,染烫,880,现付,否,否
V001575,2026-02-24,A店,C00116,A2,护理,380,现付,否,否
V001579,2026-02-24,A店,C00119,A5,护理,380,现付,是,否
V002093,2026-02-24,B店,C00544,B1,染烫,880,现付,否,否
V002110,2026-02-24,B店,C00557,B3,护理,380,现付,否,否
V000076,2026-02-25,A店,AO0019,A1,染烫,880,现付,否,否
V000215,2026-02-25,A店,AO0059,A3,护理,380,耗卡,否,否
V001274,2026-02-25,B店,BO0077,B2,护理,380,耗卡,否,否
V001400,2026-02-25,B店,BO0110,B1,剪发,180,现付,否,否
V001542,2026-02-25,A店,C00089,A5,剪发,180,现付,是,否
V001583,2026-02-25,A店,C00123,A4,剪发,180,现付,否,否
V001584,2026-02-25,A店,C00124,A1,护理,380,现付,否,否
V001627,2026-02-25,A店,C00158,A4,剪发,180,现付,是,否
V002099,2026-02-25,B店,C00549,B1,护理,380,现付,否,否
V000050,2026-02-26,A店,AO0013,A2,染烫,880,耗卡,否,否
V000385,2026-02-26,A店,AO0108,A4,护理,380,耗卡,是,否
V000616,2026-02-26,A店,AO0178,A2,护理,380,耗卡,是,否
V000622,2026-02-26,A店,AO0179,A2,护理,380,耗卡,是,否
V001055,2026-02-26,B店,BO0014,B2,护理,380,耗卡,否,否
V001151,2026-02-26,B店,BO0043,B3,剪发,180,耗卡,否,否
V001355,2026-02-26,B店,BO0098,B2,剪发,180,现付,否,否
V001534,2026-02-26,A店,C00083,A3,护理,380,现付,否,否
V001587,2026-02-26,A店,C00127,A2,剪发,180,现付,否,否
V001607,2026-02-26,A店,C00142,A4,护理,380,现付,否,否
V002076,2026-02-26,B店,C00532,B3,剪发,180,现付,是,否
V000066,2026-02-27,A店,AO0017,A2,染烫,880,现付,否,否
V000407,2026-02-27,A店,AO0113,A2,剪发,180,现付,否,否
V000489,2026-02-27,A店,AO0139,A1,剪发,180,现付,是,否
V000646,2026-02-27,A店,AO0189,A1,护理,380,现付,否,否
V000654,2026-02-27,A店,AO0191,A2,染烫,880,现付,否,否
V000777,2026-02-27,A店,AO0228,A1,染烫,880,耗卡,否,否
V000998,2026-02-27,A店,AO0295,A5,剪发,180,耗卡,否,否
V001031,2026-02-27,B店,BO0006,B1,染烫,880,耗卡,否,否
V001046,2026-02-27,B店,BO0011,B1,剪发,180,现付,否,否
V001554,2026-02-27,A店,C00098,A4,护理,380,现付,否,否
V002113,2026-02-27,B店,C00560,B1,染烫,880,现付,否,否
V000172,2026-02-28,A店,AO0046,A4,护理,380,现付,否,否
V000690,2026-02-28,A店,AO0202,A5,护理,380,现付,否,否
V000694,2026-02-28,A店,AO0203,A5,护理,380,现付,否,否
V000853,2026-02-28,A店,AO0250,A4,护理,380,现付,否,否
V001084,2026-02-28,B店,BO0021,B1,剪发,180,耗卡,否,否
V001112,2026-02-28,B店,BO0031,B3,护理,380,现付,是,否
V001322,2026-02-28,B店,BO0090,B2,剪发,180,现付,否,否
V001367,2026-02-28,B店,BO0102,B1,护理,380,现付,否,否
V001546,2026-02-28,A店,C00092,A2,护理,380,现付,否,否
V001602,2026-02-28,A店,C00139,A5,护理,380,现付,是,否
V001605,2026-02-28,A店,C00141,A4,护理,380,现付,是,否
V001608,2026-02-28,A店,C00143,A2,剪发,180,现付,否,否
V001619,2026-02-28,A店,C00151,A5,护理,380,现付,否,否
V002072,2026-02-28,B店,C00529,B3,护理,380,现付,否,否
V002092,2026-02-28,B店,C00543,B1,剪发,180,现付,否,否
V000031,2026-03-01,A店,AO0008,A4,染烫,880,耗卡,否,否
V000170,2026-03-01,A店,AO0045,A3,剪发,180,耗卡,否,否
V000416,2026-03-01,A店,AO0116,A4,染烫,880,现付,否,否
V000756,2026-03-01,A店,AO0222,A5,剪发,180,耗卡,否,否
V000899,2026-03-01,A店,AO0262,A2,剪发,180,现付,否,否
V000943,2026-03-01,A店,AO0275,A4,护理,380,现付,否,否
V001318,2026-03-01,B店,BO0089,B3,护理,380,现付,否,否
V001725,2026-03-01,A店,C00239,A2,护理,380,现付,否,否
V002031,2026-03-01,B店,C00495,B2,护理,380,现付,否,否
V002143,2026-03-01,B店,C00584,B1,染烫,880,现付,否,否
V000205,2026-03-02,A店,AO0055,A2,护理,380,耗卡,否,否
V000281,2026-03-02,A店,AO0076,A2,护理,380,耗卡,否,否
V000427,2026-03-02,A店,AO0119,A3,护理,380,现付,否,否
V000738,2026-03-02,A店,AO0217,A1,剪发,180,现付,否,否
V000764,2026-03-02,A店,AO0224,A3,剪发,180,耗卡,否,否
V000946,2026-03-02,A店,AO0277,A3,剪发,180,现付,否,否
V000954,2026-03-02,A店,AO0280,A2,剪发,180,现付,否,否
V001101,2026-03-02,B店,BO0027,B3,染烫,880,耗卡,否,否
V001196,2026-03-02,B店,BO0054,B3,护理,380,现付,否,否
V001269,2026-03-02,B店,BO0076,B1,剪发,180,现付,否,否
V001339,2026-03-02,B店,BO0094,B1,剪发,180,现付,是,否
V001391,2026-03-02,B店,BO0108,B2,染烫,880,现付,否,否
V001424,2026-03-02,B店,BO0118,B3,染烫,880,现付,否,否
V001641,2026-03-02,A店,C00168,A1,护理,380,现付,否,否
V000007,2026-03-03,A店,AO0001,A3,护理,380,耗卡,否,否
V000363,2026-03-03,A店,AO0099,A1,护理,380,耗卡,是,否
V000402,2026-03-03,A店,AO0112,A2,护理,380,耗卡,否,否
V000644,2026-03-03,A店,AO0188,A2,剪发,180,现付,否,否
V000831,2026-03-03,A店,AO0245,A4,剪发,180,耗卡,否,否
V001047,2026-03-03,B店,BO0011,B2,护理,380,现付,否,否
V001068,2026-03-03,B店,BO0017,B1,剪发,180,现付,否,否
V001113,2026-03-03,B店,BO0031,B2,护理,380,耗卡,是,否
V001478,2026-03-03,A店,C00038,A4,护理,380,现付,否,否
V001713,2026-03-03,A店,C00227,A4,染烫,880,现付,否,否
V001723,2026-03-03,A店,C00237,A5,护理,380,现付,否,否
V002061,2026-03-03,B店,C00519,B3,剪发,180,现付,是,否
V002135,2026-03-03,B店,C00578,B3,护理,380,现付,否,否
V002157,2026-03-03,B店,C00597,B3,护理,380,现付,否,否
V000216,2026-03-04,A店,AO0059,A5,护理,380,耗卡,否,否
V000438,2026-03-04,A店,AO0123,A3,剪发,180,耗卡,否,否
V000595,2026-03-04,A店,AO0172,A5,护理,380,现付,否,否
V000849,2026-03-04,A店,AO0249,A4,护理,380,耗卡,否,否
V000859,2026-03-04,A店,AO0251,A2,护理,380,现付,是,否
V000922,2026-03-04,A店,AO0269,A1,染烫,880,耗卡,否,否
V000999,2026-03-04,A店,AO0295,A3,染烫,880,现付,否,否
V001130,2026-03-04,B店,BO0036,B2,护理,380,耗卡,否,否
V001227,2026-03-04,B店,BO0065,B2,护理,380,现付,否,否
V001248,2026-03-04,B店,BO0071,B2,护理,380,耗卡,是,否
V001435,2026-03-04,A店,C00004,A1,护理,380,现付,否,否
V001514,2026-03-04,A店,C00068,A5,护理,380,现付,否,否
V001655,2026-03-04,A店,C00179,A4,护理,380,现付,否,否
V001694,2026-03-04,A店,C00208,A2,剪发,180,现付,是,否
V001702,2026-03-04,A店,C00216,A5,护理,380,现付,否,否
V001705,2026-03-04,A店,C00219,A1,护理,380,现付,否,否
V002117,2026-03-04,B店,C00563,B2,护理,380,现付,否,否
V002130,2026-03-04,B店,C00574,B2,剪发,180,现付,否,是
V000012,2026-03-05,A店,AO0003,A3,护理,380,现付,否,否
V000380,2026-03-05,A店,AO0106,A1,护理,380,现付,否,否
V000508,2026-03-05,A店,AO0144,A3,护理,380,耗卡,否,否
V000605,2026-03-05,A店,AO0175,A2,染烫,880,现付,否,否
V000735,2026-03-05,A店,AO0216,A4,剪发,180,现付,否,否
V000751,2026-03-05,A店,AO0220,A3,剪发,180,现付,否,否
V000778,2026-03-05,A店,AO0228,A3,剪发,180,耗卡,否,否
V000933,2026-03-05,A店,AO0272,A2,剪发,180,耗卡,否,否
V001156,2026-03-05,B店,BO0044,B3,剪发,180,现付,否,否
V001178,2026-03-05,B店,BO0050,B2,剪发,180,现付,否,否
V001277,2026-03-05,B店,BO0078,B2,染烫,880,现付,否,否
V001384,2026-03-05,B店,BO0106,B3,剪发,180,现付,否,否
V001679,2026-03-05,A店,C00199,A1,染烫,880,现付,是,否
V001714,2026-03-05,A店,C00228,A3,护理,380,现付,否,否
V002136,2026-03-05,B店,C00579,B1,护理,380,现付,否,否
V000034,2026-03-06,A店,AO0009,A2,护理,380,耗卡,否,否
V000421,2026-03-06,A店,AO0117,A4,染烫,880,现付,否,否
V000553,2026-03-06,A店,AO0159,A4,护理,380,耗卡,否,否
V000975,2026-03-06,A店,AO0288,A4,护理,380,耗卡,是,否
V001141,2026-03-06,B店,BO0040,B2,剪发,180,现付,否,否
V001219,2026-03-06,B店,BO0062,B3,染烫,880,现付,否,否
V001672,2026-03-06,A店,C00192,A4,护理,380,现付,否,否
V001684,2026-03-06,A店,C00202,A2,护理,380,现付,否,否
V002105,2026-03-06,B店,C00553,B1,剪发,180,现付,否,否
V002150,2026-03-06,B店,C00590,B1,护理,380,现付,否,否
V002160,2026-03-06,B店,C00600,B2,染烫,880,现付,是,否
V000028,2026-03-07,A店,AO0007,A4,护理,380,现付,否,否
V000293,2026-03-07,A店,AO0080,A5,护理,380,现付,否,否
V000366,2026-03-07,A店,AO0100,A1,护理,380,耗卡,否,否
V000384,2026-03-07,A店,AO0107,A5,护理,380,现付,否,否
V000443,2026-03-07,A店,AO0125,A4,染烫,880,现付,否,否
V000657,2026-03-07,A店,AO0192,A5,剪发,180,现付,否,否
V000917,2026-03-07,A店,AO0268,A1,护理,380,耗卡,否,否
V001052,2026-03-07,B店,BO0013,B2,护理,380,现付,否,否
V001106,2026-03-07,B店,BO0029,B2,染烫,880,耗卡,否,否
V001246,2026-03-07,B店,BO0070,B2,护理,380,耗卡,否,否
V001649,2026-03-07,A店,C00175,A2,护理,380,现付,是,否
V001654,2026-03-07,A店,C00178,A1,剪发,180,现付,是,否
V001656,2026-03-07,A店,C00180,A3,剪发,180,现付,否,否
V001692,2026-03-07,A店,C00207,A3,剪发,180,现付,是,否
V002119,2026-03-07,B店,C00564,B1,护理,380,现付,否,否
V002123,2026-03-07,B店,C00568,B1,护理,380,现付,否,否
V002159,2026-03-07,B店,C00599,B1,护理,380,现付,否,否
V000067,2026-03-08,A店,AO0017,A5,染烫,880,耗卡,否,否
V000150,2026-03-08,A店,AO0040,A5,染烫,880,耗卡,否,否
V000720,2026-03-08,A店,AO0210,A3,护理,380,现付,否,否
V000983,2026-03-08,A店,AO0290,A1,染烫,880,耗卡,否,否
V001042,2026-03-08,B店,BO0010,B2,护理,380,耗卡,否,否
V001078,2026-03-08,B店,BO0019,B1,护理,380,耗卡,是,否
V001226,2026-03-08,B店,BO0064,B1,护理,380,现付,否,否
V001670,2026-03-08,A店,C00191,A2,剪发,180,现付,否,否
V002149,2026-03-08,B店,C00589,B3,剪发,180,现付,否,否
V002155,2026-03-08,B店,C00595,B2,护理,380,现付,否,否
V001166,2026-03-09,B店,BO0047,B1,剪发,180,现付,否,否
V001470,2026-03-09,A店,C00032,A3,护理,380,现付,否,否
V001553,2026-03-09,A店,C00097,A2,护理,380,现付,否,否
V001633,2026-03-09,A店,C00162,A1,剪发,180,现付,是,否
V001695,2026-03-09,A店,C00209,A3,护理,380,现付,是,否
V001699,2026-03-09,A店,C00213,A1,护理,380,现付,否,否
V001707,2026-03-09,A店,C00221,A5,护理,380,现付,否,否
V001719,2026-03-09,A店,C00233,A2,护理,380,现付,否,否
V002153,2026-03-09,B店,C00593,B1,剪发,180,现付,否,否
V000103,2026-03-10,A店,AO0025,A3,剪发,180,现付,否,否
V000234,2026-03-10,A店,AO0063,A4,染烫,880,现付,否,否
V000267,2026-03-10,A店,AO0072,A3,护理,380,现付,否,否
V000357,2026-03-10,A店,AO0097,A5,护理,380,现付,否,否
V000410,2026-03-10,A店,AO0114,A1,护理,380,耗卡,否,否
V000479,2026-03-10,A店,AO0136,A2,护理,380,耗卡,否,否
V000608,2026-03-10,A店,AO0176,A4,剪发,180,耗卡,否,否
V000959,2026-03-10,A店,AO0282,A3,剪发,180,耗卡,否,否
V001019,2026-03-10,B店,BO0002,B1,剪发,180,现付,否,否
V001049,2026-03-10,B店,BO0012,B2,护理,380,耗卡,否,否
V001182,2026-03-10,B店,BO0051,B3,护理,380,耗卡,否,否
V001242,2026-03-10,B店,BO0069,B2,剪发,180,现付,否,否
V001281,2026-03-10,B店,BO0079,B1,染烫,880,现付,否,否
V002046,2026-03-10,B店,C00507,B1,染烫,880,现付,否,否
V002134,2026-03-10,B店,C00577,B3,剪发,180,现付,否,否
V000056,2026-03-11,A店,AO0014,A3,剪发,180,耗卡,否,否
V000173,2026-03-11,A店,AO0046,A1,护理,380,现付,否,否
V000211,2026-03-11,A店,AO0057,A3,护理,380,耗卡,否,否
V000320,2026-03-11,A店,AO0088,A5,护理,380,现付,是,否
V000423,2026-03-11,A店,AO0118,A1,护理,380,耗卡,否,否
V000579,2026-03-11,A店,AO0167,A5,护理,380,耗卡,是,否
V000630,2026-03-11,A店,AO0183,A1,护理,380,现付,是,否
V000826,2026-03-11,A店,AO0244,A4,护理,380,现付,是,否
V001022,2026-03-11,B店,BO0003,B1,剪发,180,耗卡,否,否
V001512,2026-03-11,A店,C00067,A3,剪发,180,现付,否,否
V001631,2026-03-11,A店,C00161,A5,染烫,880,现付,否,否
V001642,2026-03-11,A店,C00169,A5,护理,380,现付,否,否
V002148,2026-03-11,B店,C00588,B1,染烫,880,现付,否,否
V002152,2026-03-11,B店,C00592,B1,剪发,180,现付,是,否
V000077,2026-03-12,A店,AO0019,A1,护理,380,耗卡,否,否
V000332,2026-03-12,A店,AO0091,A4,剪发,180,现付,否,否
V000337,2026-03-12,A店,AO0092,A3,护理,380,现付,否,否
V000441,2026-03-12,A店,AO0124,A3,护理,380,现付,否,否
V000497,2026-03-12,A店,AO0141,A2,剪发,180,耗卡,否,否
V000543,2026-03-12,A店,AO0156,A5,剪发,180,现付,否,否
V000845,2026-03-12,A店,AO0248,A3,护理,380,耗卡,否,否
V000964,2026-03-12,A店,AO0284,A5,护理,380,耗卡,否,否
V001190,2026-03-12,B店,BO0053,B1,剪发,180,现付,是,否
V001201,2026-03-12,B店,BO0055,B3,剪发,180,耗卡,否,否
V001345,2026-03-12,B店,BO0096,B2,染烫,880,现付,否,否
V001379,2026-03-12,B店,BO0105,B3,染烫,880,现付,否,是
V001414,2026-03-12,B店,BO0114,B1,剪发,180,现付,否,否
V001418,2026-03-12,B店,BO0115,B2,染烫,880,现付,否,否
V001638,2026-03-12,A店,C00166,A2,护理,380,现付,否,否
V001664,2026-03-12,A店,C00186,A3,护理,380,现付,是,否
V001706,2026-03-12,A店,C00220,A3,染烫,880,现付,否,否
V001708,2026-03-12,A店,C00222,A4,护理,380,现付,否,否
V002146,2026-03-12,B店,C00587,B1,护理,380,现付,是,否
V000073,2026-03-13,A店,AO0018,A4,护理,380,现付,否,否
V000197,2026-03-13,A店,AO0052,A1,剪发,180,耗卡,否,否
V000317,2026-03-13,A店,AO0087,A3,护理,380,耗卡,否,否
V000548,2026-03-13,A店,AO0157,A1,护理,380,现付,否,否
V000661,2026-03-13,A店,AO0193,A3,剪发,180,现付,否,否
V000666,2026-03-13,A店,AO0194,A2,剪发,180,现付,否,否
V001292,2026-03-13,B店,BO0082,B1,护理,380,现付,否,否
V001438,2026-03-13,A店,C00006,A3,护理,380,现付,否,否
V001647,2026-03-13,A店,C00173,A4,护理,380,现付,否,否
V001675,2026-03-13,A店,C00195,A4,剪发,180,现付,否,否
V001676,2026-03-13,A店,C00196,A5,护理,380,现付,否,否
V001718,2026-03-13,A店,C00232,A4,染烫,880,现付,否,否
V002084,2026-03-13,B店,C00537,B2,护理,380,现付,否,否
V002151,2026-03-13,B店,C00591,B2,护理,380,现付,否,否
V000002,2026-03-14,A店,AO0000,A2,护理,380,耗卡,否,否
V000310,2026-03-14,A店,AO0085,A5,护理,380,耗卡,否,否
V000354,2026-03-14,A店,AO0096,A1,护理,380,耗卡,否,否
V000691,2026-03-14,A店,AO0202,A3,染烫,880,耗卡,否,否
V000759,2026-03-14,A店,AO0223,A3,剪发,180,现付,否,否
V000863,2026-03-14,A店,AO0252,A4,染烫,880,耗卡,否,否
V001160,2026-03-14,B店,BO0045,B1,染烫,880,耗卡,是,否
V001387,2026-03-14,B店,BO0107,B2,染烫,880,耗卡,是,否
V001405,2026-03-14,B店,BO0112,B1,剪发,180,耗卡,否,否
V001645,2026-03-14,A店,C00171,A2,护理,380,现付,否,否
V001667,2026-03-14,A店,C00188,A4,护理,380,现付,否,否
V001700,2026-03-14,A店,C00214,A4,护理,380,现付,否,否
V000037,2026-03-15,A店,AO0010,A1,剪发,180,现付,是,否
V000059,2026-03-15,A店,AO0015,A4,护理,380,耗卡,否,否
V000134,2026-03-15,A店,AO0034,A2,护理,380,耗卡,是,否
V000375,2026-03-15,A店,AO0104,A2,剪发,180,耗卡,是,否
V000537,2026-03-15,A店,AO0153,A5,护理,380,现付,否,否
V000800,2026-03-15,A店,AO0234,A4,剪发,180,耗卡,否,否
V000896,2026-03-15,A店,AO0261,A4,剪发,180,现付,否,否
V001032,2026-03-15,B店,BO0006,B2,护理,380,现付,是,否
V001125,2026-03-15,B店,BO0034,B3,染烫,880,现付,否,否
V001170,2026-03-15,B店,BO0048,B2,护理,380,现付,否,否
V001328,2026-03-15,B店,BO0091,B1,剪发,180,现付,否,否
V001459,2026-03-15,A店,C00023,A1,护理,380,现付,否,否
V002021,2026-03-15,B店,C00487,B1,护理,380,现付,否,否
V000341,2026-03-16,A店,AO0093,A2,剪发,180,现付,否,否
V000490,2026-03-16,A店,AO0139,A1,染烫,880,现付,否,否
V000500,2026-03-16,A店,AO0142,A5,护理,380,现付,否,否
V000617,2026-03-16,A店,AO0178,A3,护理,380,现付,否,否
V000702,2026-03-16,A店,AO0205,A4,剪发,180,现付,否,否
V000727,2026-03-16,A店,AO0213,A2,剪发,180,耗卡,否,否
V000790,2026-03-16,A店,AO0231,A4,剪发,180,耗卡,是,否
V000928,2026-03-16,A店,AO0271,A3,染烫,880,现付,否,否
V001261,2026-03-16,B店,BO0074,B2,染烫,880,现付,否,否
V001395,2026-03-16,B店,BO0109,B2,护理,380,现付,是,否
V001403,2026-03-16,B店,BO0111,B1,护理,380,现付,是,否
V001687,2026-03-16,A店,C00204,A3,护理,380,现付,是,否
V001710,2026-03-16,A店,C00224,A2,剪发,180,现付,否,否
V001717,2026-03-16,A店,C00231,A5,护理,380,现付,否,否
V002161,2026-03-16,B店,C00600,B1,染烫,880,现付,否,否
V000182,2026-03-17,A店,AO0048,A3,剪发,180,耗卡,否,否
V000226,2026-03-17,A店,AO0061,A3,染烫,880,现付,否,否
V000270,2026-03-17,A店,AO0073,A5,剪发,180,耗卡,是,否
V000627,2026-03-17,A店,AO0182,A3,护理,380,耗卡,否,否
V000680,2026-03-17,A店,AO0199,A4,染烫,880,现付,是,否
V000974,2026-03-17,A店,AO0287,A4,护理,380,现付,否,否
V001646,2026-03-17,A店,C00172,A4,剪发,180,现付,否,否
V001677,2026-03-17,A店,C00197,A2,护理,380,现付,否,否
V002126,2026-03-17,B店,C00570,B1,护理,380,现付,否,否
V000114,2026-03-18,A店,AO0029,A5,护理,380,耗卡,否,否
V000277,2026-03-18,A店,AO0075,A2,护理,380,耗卡,否,否
V000315,2026-03-18,A店,AO0086,A1,剪发,180,现付,是,否
V000512,2026-03-18,A店,AO0145,A2,护理,380,现付,否,否
V000794,2026-03-18,A店,AO0232,A5,染烫,880,耗卡,否,否
V000815,2026-03-18,A店,AO0239,A2,护理,380,现付,否,否
V000967,2026-03-18,A店,AO0285,A5,护理,380,耗卡,否,否
V001025,2026-03-18,B店,BO0004,B2,剪发,180,耗卡,否,否
V001422,2026-03-18,B店,BO0117,B1,护理,380,现付,否,否
V001636,2026-03-18,A店,C00164,A5,护理,380,现付,否,否
V001648,2026-03-18,A店,C00174,A5,剪发,180,现付,否,否
V001650,2026-03-18,A店,C00176,A3,护理,380,现付,否,否
V001666,2026-03-18,A店,C00187,A5,剪发,180,现付,否,否
V001669,2026-03-18,A店,C00190,A1,剪发,180,现付,否,否
V000142,2026-03-19,A店,AO0037,A4,剪发,180,耗卡,否,否
V000159,2026-03-19,A店,AO0042,A4,剪发,180,耗卡,否,否
V000485,2026-03-19,A店,AO0137,A4,剪发,180,耗卡,否,否
V000695,2026-03-19,A店,AO0203,A1,剪发,180,现付,否,否
V000796,2026-03-19,A店,AO0233,A1,染烫,880,现付,是,否
V000812,2026-03-19,A店,AO0238,A3,护理,380,现付,否,否
V001567,2026-03-19,A店,C00110,A1,护理,380,现付,否,否
V001690,2026-03-19,A店,C00206,A1,剪发,180,现付,否,否
V002087,2026-03-19,B店,C00539,B3,护理,380,现付,是,否
V002131,2026-03-19,B店,C00575,B2,护理,380,现付,否,否
V002158,2026-03-19,B店,C00598,B2,剪发,180,现付,是,否
V000243,2026-03-20,A店,AO0065,A5,护理,380,耗卡,否,否
V000328,2026-03-20,A店,AO0090,A4,护理,380,现付,否,否
V000464,2026-03-20,A店,AO0133,A4,护理,380,现付,否,否
V000474,2026-03-20,A店,AO0135,A1,剪发,180,现付,否,否
V001037,2026-03-20,B店,BO0008,B1,护理,380,现付,否,否
V001133,2026-03-20,B店,BO0037,B1,剪发,180,耗卡,否,否
V001257,2026-03-20,B店,BO0073,B3,染烫,880,现付,否,否
V001304,2026-03-20,B店,BO0085,B3,剪发,180,耗卡,否,否
V001697,2026-03-20,A店,C00211,A4,护理,380,现付,否,否
V000124,2026-03-21,A店,AO0031,A2,剪发,180,耗卡,否,否
V000128,2026-03-21,A店,AO0032,A1,护理,380,耗卡,否,否
V000230,2026-03-21,A店,AO0062,A3,剪发,180,现付,否,否
V000247,2026-03-21,A店,AO0066,A4,剪发,180,现付,是,否
V000261,2026-03-21,A店,AO0071,A2,剪发,180,现付,否,否
V000524,2026-03-21,A店,AO0149,A4,剪发,180,现付,否,否
V000563,2026-03-21,A店,AO0162,A4,护理,380,现付,否,否
V000570,2026-03-21,A店,AO0164,A5,剪发,180,现付,是,否
V000599,2026-03-21,A店,AO0173,A4,护理,380,耗卡,否,否
V000613,2026-03-21,A店,AO0177,A5,剪发,180,现付,否,否
V000624,2026-03-21,A店,AO0180,A1,护理,380,现付,是,否
V000639,2026-03-21,A店,AO0186,A5,护理,380,现付,否,否
V000673,2026-03-21,A店,AO0197,A4,护理,380,现付,否,否
V000774,2026-03-21,A店,AO0227,A1,护理,380,耗卡,否,否
V000781,2026-03-21,A店,AO0229,A2,护理,380,现付,否,否
V001350,2026-03-21,B店,BO0097,B1,护理,380,现付,否,否
V001571,2026-03-21,A店,C00113,A4,护理,380,现付,否,否
V001674,2026-03-21,A店,C00194,A2,护理,380,现付,是,否
V002140,2026-03-21,B店,C00582,B1,剪发,180,现付,否,否
V000022,2026-03-22,A店,AO0006,A5,剪发,180,现付,否,否
V000156,2026-03-22,A店,AO0041,A4,护理,380,现付,是,否
V000161,2026-03-22,A店,AO0043,A2,染烫,880,耗卡,否,否
V000413,2026-03-22,A店,AO0115,A3,护理,380,耗卡,否,否
V000456,2026-03-22,A店,AO0131,A2,护理,380,耗卡,否,否
V000655,2026-03-22,A店,AO0191,A1,护理,380,现付,是,否
V000854,2026-03-22,A店,AO0250,A4,剪发,180,耗卡,否,否
V000867,2026-03-22,A店,AO0253,A3,护理,380,现付,是,否
V000961,2026-03-22,A店,AO0283,A2,护理,380,耗卡,否,否
V001356,2026-03-22,B店,BO0098,B3,护理,380,现付,否,否
V001494,2026-03-22,A店,C00052,A1,护理,380,现付,否,否
V001539,2026-03-22,A店,C00086,A2,护理,380,现付,否,否
V001574,2026-03-22,A店,C00115,A3,剪发,180,现付,否,否
V001639,2026-03-22,A店,C00167,A5,护理,380,现付,否,否
V001678,2026-03-22,A店,C00198,A5,染烫,880,现付,否,否
V001726,2026-03-22,A店,C00240,A5,护理,380,现付,否,否
V002115,2026-03-22,B店,C00562,B2,护理,380,现付,是,否
V002118,2026-03-22,B店,C00563,B2,护理,380,现付,否,否
V002142,2026-03-22,B店,C00583,B1,护理,380,现付,否,否
V000301,2026-03-23,A店,AO0082,A2,剪发,180,现付,是,否
V000324,2026-03-23,A店,AO0089,A1,护理,380,现付,否,否
V000349,2026-03-23,A店,AO0095,A5,剪发,180,现付,是,否
V000388,2026-03-23,A店,AO0109,A1,染烫,880,现付,否,否
V000431,2026-03-23,A店,AO0120,A3,剪发,180,耗卡,否,否
V000892,2026-03-23,A店,AO0260,A5,护理,380,耗卡,是,否
V001203,2026-03-23,B店,BO0056,B3,护理,380,耗卡,否,否
V001637,2026-03-23,A店,C00165,A1,剪发,180,现付,否,否
V001685,2026-03-23,A店,C00203,A5,染烫,880,现付,否,否
V001693,2026-03-23,A店,C00207,A5,剪发,180,现付,否,否
V001696,2026-03-23,A店,C00210,A3,护理,380,现付,否,否
V001712,2026-03-23,A店,C00226,A5,护理,380,现付,否,否
V001721,2026-03-23,A店,C00235,A5,护理,380,现付,否,否
V001724,2026-03-23,A店,C00238,A1,剪发,180,现付,否,否
V002133,2026-03-23,B店,C00576,B2,染烫,880,现付,否,否
V000090,2026-03-24,A店,AO0022,A4,剪发,180,耗卡,否,否
V000436,2026-03-24,A店,AO0122,A4,染烫,880,耗卡,否,否
V000677,2026-03-24,A店,AO0198,A1,剪发,180,现付,否,否
V001094,2026-03-24,B店,BO0025,B3,护理,380,现付,否,否
V001187,2026-03-24,B店,BO0052,B3,护理,380,耗卡,否,否
V001253,2026-03-24,B店,BO0072,B1,剪发,180,现付,是,否
V001635,2026-03-24,A店,C00163,A4,染烫,880,现付,否,否
V001659,2026-03-24,A店,C00183,A2,护理,380,现付,否,否
V001682,2026-03-24,A店,C00201,A2,剪发,180,现付,否,否
V001703,2026-03-24,A店,C00217,A4,剪发,180,现付,否,否
V002114,2026-03-24,B店,C00561,B1,染烫,880,现付,否,否
V002122,2026-03-24,B店,C00567,B1,剪发,180,现付,否,否
V000051,2026-03-25,A店,AO0013,A4,护理,380,现付,否,否
V000099,2026-03-25,A店,AO0024,A1,护理,380,耗卡,否,否
V000346,2026-03-25,A店,AO0094,A5,剪发,180,现付,否,否
V000585,2026-03-25,A店,AO0169,A2,染烫,880,耗卡,否,否
V000687,2026-03-25,A店,AO0201,A4,护理,380,现付,否,是
V000805,2026-03-25,A店,AO0236,A2,剪发,180,现付,否,否
V001208,2026-03-25,B店,BO0058,B2,剪发,180,现付,否,否
V001630,2026-03-25,A店,C00160,A4,护理,380,现付,否,否
V001652,2026-03-25,A店,C00177,A4,护理,380,现付,是,否
V001673,2026-03-25,A店,C00193,A3,护理,380,现付,否,否
V002124,2026-03-25,B店,C00569,B2,护理,380,现付,是,否
V002138,2026-03-25,B店,C00581,B2,染烫,880,现付,否,否
V002145,2026-03-25,B店,C00586,B2,剪发,180,现付,否,否
V000045,2026-03-26,A店,AO0012,A3,染烫,880,耗卡,否,否
V000138,2026-03-26,A店,AO0035,A1,护理,380,耗卡,否,否
V000222,2026-03-26,A店,AO0060,A1,染烫,880,耗卡,是,否
V000591,2026-03-26,A店,AO0171,A1,染烫,880,耗卡,否,否
V001643,2026-03-26,A店,C00169,A5,护理,380,现付,否,否
V001657,2026-03-26,A店,C00181,A1,染烫,880,现付,否,否
V001661,2026-03-26,A店,C00184,A3,剪发,180,现付,否,否
V001663,2026-03-26,A店,C00185,A1,护理,380,现付,否,否
V002101,2026-03-26,B店,C00550,B2,护理,380,现付,否,否
V000408,2026-03-27,A店,AO0113,A2,染烫,880,耗卡,否,否
V000986,2026-03-27,A店,AO0292,A4,剪发,180,现付,是,否
V001138,2026-03-27,B店,BO0039,B1,剪发,180,现付,否,否
V001265,2026-03-27,B店,BO0075,B1,剪发,180,耗卡,否,否
V001323,2026-03-27,B店,BO0090,B2,护理,380,耗卡,否,否
V001368,2026-03-27,B店,BO0102,B3,护理,380,耗卡,是,否
V001374,2026-03-27,B店,BO0104,B3,剪发,180,现付,否,否
V001536,2026-03-27,A店,C00084,A2,护理,380,现付,否,否
V001594,2026-03-27,A店,C00132,A1,护理,380,现付,否,否
V001704,2026-03-27,A店,C00218,A4,剪发,180,现付,否,否
V001709,2026-03-27,A店,C00223,A3,护理,380,现付,是,否
V001715,2026-03-27,A店,C00229,A3,护理,380,现付,是,否
V001722,2026-03-27,A店,C00236,A5,护理,380,现付,否,否
V002121,2026-03-27,B店,C00566,B2,护理,380,现付,否,否
V000094,2026-03-28,A店,AO0023,A1,剪发,180,耗卡,否,否
V000487,2026-03-28,A店,AO0138,A5,剪发,180,现付,否,否
V000785,2026-03-28,A店,AO0230,A2,染烫,880,现付,否,否
V001060,2026-03-28,B店,BO0015,B1,染烫,880,耗卡,是,否
V001644,2026-03-28,A店,C00170,A4,剪发,180,现付,否,否
V001658,2026-03-28,A店,C00182,A1,护理,380,现付,否,否
V001668,2026-03-28,A店,C00189,A3,剪发,180,现付,否,否
V001681,2026-03-28,A店,C00200,A5,护理,380,现付,否,否
V001698,2026-03-28,A店,C00212,A3,剪发,180,现付,否,否
V001720,2026-03-28,A店,C00234,A5,剪发,180,现付,否,否
V002137,2026-03-28,B店,C00580,B1,护理,380,现付,是,否
V002154,2026-03-28,B店,C00594,B3,护理,380,现付,否,否
V001606,2026-03-29,A店,C00141,A2,护理,380,现付,否,否
V001618,2026-03-29,A店,C00150,A4,护理,380,现付,否,否
V001711,2026-03-29,A店,C00225,A2,护理,380,现付,否,否
V001716,2026-03-29,A店,C00230,A2,剪发,180,现付,是,否
V002127,2026-03-29,B店,C00571,B3,护理,380,现付,否,否
V002128,2026-03-29,B店,C00572,B2,剪发,180,现付,否,否
V002144,2026-03-29,B店,C00585,B2,剪发,180,现付,是,否
V002156,2026-03-29,B店,C00596,B2,护理,380,现付,否,否
V001601,2026-03-30,A店,C00138,A3,护理,380,现付,否,否
V001688,2026-03-30,A店,C00205,A1,剪发,180,现付,是,否
V001701,2026-03-30,A店,C00215,A1,护理,380,现付,否,否
V002120,2026-03-30,B店,C00565,B3,剪发,180,现付,否,否
V002129,2026-03-30,B店,C00573,B1,染烫,880,现付,否,否
V001533,2026-03-31,A店,C00082,A5,剪发,180,现付,否,否
V000023,2026-04-01,A店,AO0006,A2,剪发,180,耗卡,是,否
V000052,2026-04-01,A店,AO0013,A2,护理,380,现付,是,否
V000078,2026-04-01,A店,AO0019,A4,剪发,180,耗卡,否,否
V000086,2026-04-01,A店,AO0021,A4,剪发,180,耗卡,否,否
V000100,2026-04-01,A店,AO0024,A4,护理,380,现付,否,否
V000411,2026-04-01,A店,AO0114,A2,护理,380,现付,是,否
V000470,2026-04-01,A店,AO0134,A3,剪发,180,耗卡,否,否
V000741,2026-04-01,A店,AO0218,A4,剪发,180,现付,否,否
V000885,2026-04-01,A店,AO0258,A3,护理,380,现付,否,否
V001148,2026-04-01,B店,BO0042,B2,剪发,180,现付,否,否
V001305,2026-04-01,B店,BO0085,B1,剪发,180,现付,否,否
V001346,2026-04-01,B店,BO0096,B1,剪发,180,现付,否,否
V001803,2026-04-01,A店,C00301,A1,剪发,180,现付,否,否
V002205,2026-04-01,B店,C00632,B1,剪发,180,现付,否,否
V000350,2026-04-02,A店,AO0095,A5,剪发,180,现付,否,否
V000631,2026-04-02,A店,AO0183,A1,护理,380,现付,是,否
V000699,2026-04-02,A店,AO0204,A2,护理,380,现付,是,否
V000760,2026-04-02,A店,AO0223,A1,护理,380,耗卡,是,否
V000864,2026-04-02,A店,AO0252,A3,护理,380,现付,否,否
V001145,2026-04-02,B店,BO0041,B2,护理,380,耗卡,否,否
V001385,2026-04-02,B店,BO0106,B1,护理,380,现付,是,否
V001591,2026-04-02,A店,C00130,A1,剪发,180,现付,否,否
V001734,2026-04-02,A店,C00246,A3,护理,380,现付,是,是
V001747,2026-04-02,A店,C00257,A1,护理,380,现付,是,否
V001752,2026-04-02,A店,C00261,A1,护理,380,现付,否,是
V000214,2026-04-03,A店,AO0058,A3,护理,380,现付,否,否
V000398,2026-04-03,A店,AO0111,A2,护理,380,现付,是,否
V000580,2026-04-03,A店,AO0167,A3,护理,380,现付,是,否
V000888,2026-04-03,A店,AO0259,A3,护理,380,耗卡,否,否
V000934,2026-04-03,A店,AO0272,A5,染烫,880,现付,否,否
V000962,2026-04-03,A店,AO0283,A2,护理,380,耗卡,是,否
V001228,2026-04-03,B店,BO0065,B1,染烫,880,现付,否,否
V001249,2026-04-03,B店,BO0071,B2,护理,380,耗卡,否,否
V001266,2026-04-03,B店,BO0075,B3,护理,380,现付,是,否
V001324,2026-04-03,B店,BO0090,B2,护理,380,现付,否,否
V001760,2026-04-03,A店,C00269,A2,护理,380,现付,是,否
V002189,2026-04-03,B店,C00621,B2,剪发,180,现付,否,否
V000157,2026-04-04,A店,AO0041,A2,剪发,180,耗卡,否,否
V000262,2026-04-04,A店,AO0071,A3,护理,380,现付,否,是
V000428,2026-04-04,A店,AO0119,A3,护理,380,耗卡,否,否
V000457,2026-04-04,A店,AO0131,A5,剪发,180,现付,否,否
V000772,2026-04-04,A店,AO0226,A5,护理,380,现付,否,否
V000918,2026-04-04,A店,AO0268,A1,染烫,880,现付,否,否
V000929,2026-04-04,A店,AO0271,A4,染烫,880,现付,否,否
V001739,2026-04-04,A店,C00250,A3,护理,380,现付,是,否
V001740,2026-04-04,A店,C00251,A5,剪发,180,现付,否,否
V002089,2026-04-04,B店,C00540,B2,护理,380,现付,否,否
V002162,2026-04-04,B店,C00601,B2,护理,380,现付,是,否
V002173,2026-04-04,B店,C00608,B3,护理,380,现付,否,否
V002175,2026-04-04,B店,C00610,B2,剪发,180,现付,否,否
V002179,2026-04-04,B店,C00613,B1,护理,380,现付,否,否
V002212,2026-04-04,B店,C00638,B3,护理,380,现付,是,否
V000566,2026-04-05,A店,AO0163,A2,染烫,880,现付,否,否
V000995,2026-04-05,A店,AO0294,A2,护理,380,现付,是,否
V001243,2026-04-05,B店,BO0069,B3,护理,380,现付,否,否
V001300,2026-04-05,B店,BO0084,B1,护理,380,现付,是,否
V001783,2026-04-05,A店,C00286,A2,护理,380,现付,否,否
V001788,2026-04-05,A店,C00290,A5,护理,380,现付,否,否
V001790,2026-04-05,A店,C00292,A4,护理,380,现付,是,是
V001811,2026-04-05,A店,C00306,A2,剪发,180,现付,否,否
V002116,2026-04-05,B店,C00562,B1,护理,380,现付,否,否
V002182,2026-04-05,B店,C00616,B2,护理,380,现付,否,否
V002197,2026-04-05,B店,C00627,B2,剪发,180,现付,否,否
V000095,2026-04-06,A店,AO0023,A4,染烫,880,耗卡,是,否
V000112,2026-04-06,A店,AO0028,A4,护理,380,耗卡,是,否
V000534,2026-04-06,A店,AO0152,A1,剪发,180,现付,否,否
V000544,2026-04-06,A店,AO0156,A2,护理,380,现付,是,否
V000601,2026-04-06,A店,AO0174,A4,护理,380,耗卡,否,否
V000685,2026-04-06,A店,AO0200,A2,染烫,880,现付,否,否
V000746,2026-04-06,A店,AO0219,A4,护理,380,现付,是,否
V000782,2026-04-06,A店,AO0229,A1,剪发,180,现付,否,否
V001033,2026-04-06,B店,BO0006,B1,护理,380,耗卡,否,否
V001209,2026-04-06,B店,BO0058,B1,剪发,180,现付,否,否
V001680,2026-04-06,A店,C00199,A3,染烫,880,现付,否,否
V001738,2026-04-06,A店,C00249,A4,剪发,180,现付,是,否
V001751,2026-04-06,A店,C00260,A1,剪发,180,现付,否,否
V001758,2026-04-06,A店,C00267,A3,护理,380,现付,否,否
V002178,2026-04-06,B店,C00612,B3,护理,380,现付,否,否
V002192,2026-04-06,B店,C00624,B2,剪发,180,现付,是,否
V000091,2026-04-07,A店,AO0022,A2,护理,380,现付,是,否
V000145,2026-04-07,A店,AO0038,A1,剪发,180,现付,是,否
V000302,2026-04-07,A店,AO0082,A3,剪发,180,耗卡,否,否
V000460,2026-04-07,A店,AO0132,A4,剪发,180,现付,否,否
V000465,2026-04-07,A店,AO0133,A3,剪发,180,现付,否,否
V000662,2026-04-07,A店,AO0193,A1,剪发,180,现付,是,否
V000713,2026-04-07,A店,AO0208,A3,护理,380,耗卡,否,否
V001108,2026-04-07,B店,BO0030,B2,染烫,880,耗卡,是,否
V001308,2026-04-07,B店,BO0086,B2,剪发,180,现付,否,否
V001406,2026-04-07,B店,BO0112,B1,护理,380,现付,否,否
V001651,2026-04-07,A店,C00176,A4,护理,380,现付,否,否
V001729,2026-04-07,A店,C00242,A2,剪发,180,现付,否,否
V001778,2026-04-07,A店,C00282,A5,剪发,180,现付,否,否
V001786,2026-04-07,A店,C00288,A3,染烫,880,现付,否,否
V001794,2026-04-07,A店,C00295,A1,护理,380,现付,是,否
V002097,2026-04-07,B店,C00547,B3,护理,380,现付,否,否
V002208,2026-04-07,B店,C00635,B2,剪发,180,现付,否,否
V000287,2026-04-08,A店,AO0078,A1,护理,380,耗卡,否,否
V000725,2026-04-08,A店,AO0212,A5,护理,380,现付,否,否
V001220,2026-04-08,B店,BO0062,B2,剪发,180,现付,是,否
V001351,2026-04-08,B店,BO0097,B2,剪发,180,现付,否,否
V001774,2026-04-08,A店,C00278,A2,剪发,180,现付,否,否
V001814,2026-04-08,A店,C00308,A3,剪发,180,现付,否,否
V000217,2026-04-09,A店,AO0059,A5,剪发,180,耗卡,否,否
V000491,2026-04-09,A店,AO0139,A4,护理,380,耗卡,否,否
V000509,2026-04-09,A店,AO0144,A3,护理,380,耗卡,是,否
V000540,2026-04-09,A店,AO0154,A5,染烫,880,耗卡,否,否
V000650,2026-04-09,A店,AO0190,A2,护理,380,现付,否,否
V000806,2026-04-09,A店,AO0236,A1,剪发,180,现付,是,否
V000912,2026-04-09,A店,AO0266,A4,剪发,180,耗卡,否,否
V001008,2026-04-09,A店,AO0298,A5,剪发,180,现付,否,否
V001773,2026-04-09,A店,C00277,A4,染烫,880,现付,否,否
V001789,2026-04-09,A店,C00291,A1,染烫,880,现付,否,否
V001798,2026-04-09,A店,C00297,A4,剪发,180,现付,否,否
V001802,2026-04-09,A店,C00300,A1,护理,380,现付,否,否
V002168,2026-04-09,B店,C00604,B3,护理,380,现付,是,否
V002171,2026-04-09,B店,C00606,B1,染烫,880,现付,否,否
V000282,2026-04-10,A店,AO0076,A5,护理,380,现付,否,否
V000373,2026-04-10,A店,AO0103,A2,护理,380,现付,是,否
V000667,2026-04-10,A店,AO0194,A5,染烫,880,耗卡,是,否
V001134,2026-04-10,B店,BO0037,B2,染烫,880,现付,是,否
V001759,2026-04-10,A店,C00268,A1,剪发,180,现付,否,否
V002184,2026-04-10,B店,C00618,B3,护理,380,现付,否,否
V000235,2026-04-11,A店,AO0063,A2,染烫,880,现付,否,否
V000342,2026-04-11,A店,AO0093,A3,染烫,880,现付,否,否
V000732,2026-04-11,A店,AO0215,A4,剪发,180,现付,否,否
V001576,2026-04-11,A店,C00116,A1,护理,380,现付,是,否
V001614,2026-04-11,A店,C00147,A1,护理,380,现付,是,否
V001634,2026-04-11,A店,C00162,A4,剪发,180,现付,否,否
V001727,2026-04-11,A店,C00241,A1,染烫,880,现付,否,否
V001730,2026-04-11,A店,C00243,A5,染烫,880,现付,否,否
V001746,2026-04-11,A店,C00256,A3,剪发,180,现付,否,否
V002166,2026-04-11,B店,C00603,B2,染烫,880,现付,否,否
V000038,2026-04-12,A店,AO0010,A3,染烫,880,现付,否,否
V000360,2026-04-12,A店,AO0098,A2,护理,380,耗卡,是,否
V000520,2026-04-12,A店,AO0148,A5,护理,380,现付,否,否
V000718,2026-04-12,A店,AO0209,A5,护理,380,现付,是,否
V000786,2026-04-12,A店,AO0230,A3,护理,380,现付,否,否
V000868,2026-04-12,A店,AO0253,A1,护理,380,现付,否,否
V001205,2026-04-12,B店,BO0057,B2,护理,380,现付,是,否
V001603,2026-04-12,A店,C00139,A4,护理,380,现付,否,否
V001671,2026-04-12,A店,C00191,A3,剪发,180,现付,否,否
V001733,2026-04-12,A店,C00245,A3,剪发,180,现付,否,否
V001779,2026-04-12,A店,C00283,A2,护理,380,现付,是,否
V001822,2026-04-12,A店,C00314,A2,剪发,180,现付,否,否
V002073,2026-04-12,B店,C00529,B1,护理,380,现付,否,否
V002164,2026-04-12,B店,C00602,B2,护理,380,现付,是,否
V002195,2026-04-12,B店,C00626,B3,护理,380,现付,否,否
V000104,2026-04-13,A店,AO0025,A4,染烫,880,现付,否,否
V000239,2026-04-13,A店,AO0064,A3,护理,380,现付,否,否
V000364,2026-04-13,A店,AO0099,A2,剪发,180,现付,否,否
V000451,2026-04-13,A店,AO0128,A2,染烫,880,现付,否,否
V000705,2026-04-13,A店,AO0206,A5,剪发,180,现付,否,否
V000791,2026-04-13,A店,AO0231,A2,护理,380,现付,是,否
V000855,2026-04-13,A店,AO0250,A1,护理,380,现付,是,否
V000900,2026-04-13,A店,AO0262,A5,护理,380,耗卡,是,否
V001020,2026-04-13,B店,BO0002,B2,护理,380,现付,否,否
V001735,2026-04-13,A店,C00247,A5,剪发,180,现付,否,否
V001741,2026-04-13,A店,C00252,A5,染烫,880,现付,是,否
V001765,2026-04-13,A店,C00272,A5,染烫,880,现付,是,否
V001776,2026-04-13,A店,C00280,A2,剪发,180,现付,否,否
V001782,2026-04-13,A店,C00285,A5,护理,380,现付,否,否
V002187,2026-04-13,B店,C00620,B3,护理,380,现付,否,否
V000083,2026-04-14,A店,AO0020,A3,染烫,880,耗卡,否,否
V000107,2026-04-14,A店,AO0027,A2,护理,380,现付,是,否
V000318,2026-04-14,A店,AO0087,A3,护理,380,现付,否,否
V000586,2026-04-14,A店,AO0169,A5,剪发,180,现付,否,否
V000609,2026-04-14,A店,AO0176,A1,剪发,180,现付,否,否
V000674,2026-04-14,A店,AO0197,A3,剪发,180,耗卡,否,否
V001013,2026-04-14,B店,BO0000,B2,剪发,180,耗卡,否,否
V001081,2026-04-14,B店,BO0020,B2,护理,380,耗卡,否,是
V001234,2026-04-14,B店,BO0067,B2,剪发,180,现付,否,否
V001282,2026-04-14,B店,BO0079,B2,护理,380,现付,否,否
V001816,2026-04-14,A店,C00309,A4,剪发,180,现付,是,否
V001825,2026-04-14,A店,C00316,A1,护理,380,现付,是,否
V000378,2026-04-15,A店,AO0105,A5,剪发,180,耗卡,否,否
V000527,2026-04-15,A店,AO0150,A1,剪发,180,现付,否,否
V000808,2026-04-15,A店,AO0237,A2,护理,380,耗卡,是,否
V001005,2026-04-15,A店,AO0297,A1,护理,380,耗卡,是,是
V001098,2026-04-15,B店,BO0026,B3,护理,380,耗卡,否,否
V001745,2026-04-15,A店,C00255,A4,护理,380,现付,否,否
V001757,2026-04-15,A店,C00266,A1,剪发,180,现付,否,否
V001777,2026-04-15,A店,C00281,A3,护理,380,现付,否,否
V002079,2026-04-15,B店,C00533,B3,剪发,180,现付,是,否
V002125,2026-04-15,B店,C00569,B1,护理,380,现付,否,否
V002174,2026-04-15,B店,C00609,B3,护理,380,现付,否,否
V000151,2026-04-16,A店,AO0040,A1,染烫,880,现付,否,否
V000252,2026-04-16,A店,AO0068,A3,护理,380,现付,否,否
V000325,2026-04-16,A店,AO0089,A3,护理,380,耗卡,否,否
V000571,2026-04-16,A店,AO0164,A5,护理,380,耗卡,否,否
V000589,2026-04-16,A店,AO0170,A3,护理,380,现付,否,否
V000978,2026-04-16,A店,AO0289,A5,护理,380,耗卡,否,否
V001073,2026-04-16,B店,BO0018,B1,染烫,880,现付,否,否
V001183,2026-04-16,B店,BO0051,B1,护理,380,现付,否,否
V001197,2026-04-16,B店,BO0054,B1,护理,380,现付,否,否
V001662,2026-04-16,A店,C00184,A2,剪发,180,现付,否,否
V001731,2026-04-16,A店,C00244,A1,护理,380,现付,是,否
V001819,2026-04-16,A店,C00311,A2,染烫,880,现付,否,否
V001824,2026-04-16,A店,C00315,A5,护理,380,现付,否,否
V000017,2026-04-17,A店,AO0004,A1,剪发,180,现付,否,否
V000501,2026-04-17,A店,AO0142,A5,剪发,180,现付,否,否
V000846,2026-04-17,A店,AO0248,A5,剪发,180,现付,否,否
V000992,2026-04-17,A店,AO0293,A1,剪发,180,耗卡,否,否
V001380,2026-04-17,B店,BO0105,B2,染烫,880,现付,否,否
V001744,2026-04-17,A店,C00254,A5,剪发,180,现付,否,否
V001750,2026-04-17,A店,C00259,A3,护理,380,现付,否,否
V001784,2026-04-17,A店,C00287,A1,染烫,880,现付,否,否
V001796,2026-04-17,A店,C00296,A1,护理,380,现付,是,否
V002077,2026-04-17,B店,C00532,B3,剪发,180,现付,是,否
V002209,2026-04-17,B店,C00636,B2,剪发,180,现付,否,否
V002214,2026-04-17,B店,C00639,B2,剪发,180,现付,否,否
V000129,2026-04-18,A店,AO0032,A3,护理,380,现付,否,否
V000294,2026-04-18,A店,AO0080,A4,染烫,880,现付,否,否
V000614,2026-04-18,A店,AO0177,A3,护理,380,现付,否,否
V000640,2026-04-18,A店,AO0186,A4,染烫,880,耗卡,否,否
V000767,2026-04-18,A店,AO0225,A4,染烫,880,耗卡,否,否
V000813,2026-04-18,A店,AO0238,A2,护理,380,耗卡,否,否
V000956,2026-04-18,A店,AO0281,A1,护理,380,耗卡,否,否
V001043,2026-04-18,B店,BO0010,B2,护理,380,现付,否,否
V001410,2026-04-18,B店,BO0113,B2,护理,380,现付,否,否
V002198,2026-04-18,B店,C00628,B1,染烫,880,现付,否,否
V000258,2026-04-19,A店,AO0070,A1,护理,380,现付,否,否
V000681,2026-04-19,A店,AO0199,A2,染烫,880,现付,否,否
V000819,2026-04-19,A店,AO0241,A3,剪发,180,现付,否,否
V000876,2026-04-19,A店,AO0255,A2,染烫,880,现付,否,否
V000987,2026-04-19,A店,AO0292,A1,护理,380,现付,是,否
V001262,2026-04-19,B店,BO0074,B2,剪发,180,耗卡,否,否
V001362,2026-04-19,B店,BO0100,B2,护理,380,现付,是,否
V001609,2026-04-19,A店,C00143,A1,剪发,180,现付,否,否
V001689,2026-04-19,A店,C00205,A2,剪发,180,现付,否,否
V001772,2026-04-19,A店,C00276,A5,护理,380,现付,否,否
V001818,2026-04-19,A店,C00310,A4,剪发,180,现付,否,否
V001829,2026-04-19,A店,C00319,A4,护理,380,现付,否,否
V002180,2026-04-19,B店,C00614,B2,剪发,180,现付,否,否
V002191,2026-04-19,B店,C00623,B1,染烫,880,现付,否,否
V002194,2026-04-19,B店,C00625,B1,剪发,180,现付,否,否
V000255,2026-04-20,A店,AO0069,A1,剪发,180,耗卡,否,否
V000424,2026-04-20,A店,AO0118,A1,染烫,880,现付,否,否
V000513,2026-04-20,A店,AO0146,A2,护理,380,现付,是,否
V000623,2026-04-20,A店,AO0179,A2,护理,380,现付,是,否
V000775,2026-04-20,A店,AO0227,A1,护理,380,现付,是,否
V001122,2026-04-20,B店,BO0033,B2,剪发,180,耗卡,否,否
V001191,2026-04-20,B店,BO0053,B2,剪发,180,现付,否,否
V001258,2026-04-20,B店,BO0073,B3,剪发,180,现付,否,否
V001270,2026-04-20,B店,BO0076,B2,剪发,180,耗卡,否,否
V001736,2026-04-20,A店,C00248,A3,护理,380,现付,是,否
V001754,2026-04-20,A店,C00263,A4,剪发,180,现付,否,否
V001767,2026-04-20,A店,C00273,A2,剪发,180,现付,否,否
V001826,2026-04-20,A店,C00317,A4,护理,380,现付,否,否
V001828,2026-04-20,A店,C00318,A3,护理,380,现付,否,否
V002190,2026-04-20,B店,C00622,B2,护理,380,现付,否,否
V000003,2026-04-21,A店,AO0000,A4,剪发,180,现付,否,否
V000042,2026-04-21,A店,AO0011,A1,护理,380,耗卡,是,否
V000125,2026-04-21,A店,AO0031,A2,剪发,180,耗卡,否,否
V000227,2026-04-21,A店,AO0061,A5,护理,380,现付,否,否
V000297,2026-04-21,A店,AO0081,A1,染烫,880,现付,否,否
V000531,2026-04-21,A店,AO0151,A3,护理,380,现付,否,是
V000965,2026-04-21,A店,AO0284,A5,护理,380,现付,否,否
V001086,2026-04-21,B店,BO0022,B3,剪发,180,现付,否,否
V001095,2026-04-21,B店,BO0025,B2,护理,380,现付,是,否
V001222,2026-04-21,B店,BO0063,B1,剪发,180,现付,否,否
V001293,2026-04-21,B店,BO0082,B2,护理,380,现付,否,否
V001665,2026-04-21,A店,C00186,A1,护理,380,现付,是,否
V001748,2026-04-21,A店,C00258,A1,护理,380,现付,是,否
V001806,2026-04-21,A店,C00303,A1,剪发,180,现付,否,否
V000119,2026-04-22,A店,AO0030,A2,剪发,180,现付,否,否
V000165,2026-04-22,A店,AO0044,A4,护理,380,现付,否,否
V000284,2026-04-22,A店,AO0077,A3,护理,380,现付,否,否
V000480,2026-04-22,A店,AO0136,A1,护理,380,现付,否,否
V000836,2026-04-22,A店,AO0246,A5,剪发,180,耗卡,否,否
V000906,2026-04-22,A店,AO0264,A2,剪发,180,耗卡,否,否
V000937,2026-04-22,A店,AO0273,A3,护理,380,现付,否,否
V001091,2026-04-22,B店,BO0024,B2,剪发,180,耗卡,否,否
V001810,2026-04-22,A店,C00305,A4,染烫,880,现付,否,是
V002169,2026-04-22,B店,C00605,B1,染烫,880,现付,是,否
V002172,2026-04-22,B店,C00607,B2,护理,380,现付,否,否
V002181,2026-04-22,B店,C00615,B3,护理,380,现付,否,否
V000057,2026-04-23,A店,AO0014,A4,护理,380,耗卡,否,否
V000068,2026-04-23,A店,AO0017,A3,护理,380,耗卡,否,否
V000212,2026-04-23,A店,AO0057,A3,护理,380,现付,否,否
V000248,2026-04-23,A店,AO0066,A3,护理,380,耗卡,否,否
V000658,2026-04-23,A店,AO0192,A5,剪发,180,耗卡,是,否
V001171,2026-04-23,B店,BO0048,B2,染烫,880,现付,否,否
V001549,2026-04-23,A店,C00094,A3,染烫,880,现付,否,否
V001691,2026-04-23,A店,C00206,A1,剪发,180,现付,否,否
V001823,2026-04-23,A店,C00314,A4,剪发,180,现付,否,否
V000020,2026-04-24,A店,AO0005,A5,剪发,180,耗卡,否,否
V000554,2026-04-24,A店,AO0159,A1,剪发,180,现付,否,否
V000635,2026-04-24,A店,AO0184,A2,护理,380,耗卡,否,否
V000739,2026-04-24,A店,AO0217,A3,剪发,180,现付,否,否
V000824,2026-04-24,A店,AO0243,A4,染烫,880,现付,否,否
V001142,2026-04-24,B店,BO0040,B2,护理,380,现付,否,否
V001769,2026-04-24,A店,C00274,A2,护理,380,现付,否,否
V001775,2026-04-24,A店,C00279,A2,剪发,180,现付,是,否
V001805,2026-04-24,A店,C00302,A5,染烫,880,现付,是,否
V000046,2026-04-25,A店,AO0012,A5,剪发,180,现付,否,否
V000063,2026-04-25,A店,AO0016,A4,染烫,880,现付,否,否
V000174,2026-04-25,A店,AO0046,A2,护理,380,现付,是,否
V000193,2026-04-25,A店,AO0051,A5,护理,380,耗卡,否,否
V000311,2026-04-25,A店,AO0085,A4,护理,380,现付,否,否
V000618,2026-04-25,A店,AO0178,A4,剪发,180,耗卡,否,否
V000765,2026-04-25,A店,AO0224,A1,剪发,180,现付,否,是
V000850,2026-04-25,A店,AO0249,A1,染烫,880,耗卡,否,否
V000897,2026-04-25,A店,AO0261,A4,染烫,880,现付,否,否
V001114,2026-04-25,B店,BO0031,B1,护理,380,耗卡,否,否
V001204,2026-04-25,B店,BO0056,B1,护理,380,现付,是,否
V001313,2026-04-25,B店,BO0088,B3,护理,380,耗卡,是,否
V001359,2026-04-25,B店,BO0099,B3,剪发,180,现付,否,否
V001366,2026-04-25,B店,BO0101,B1,护理,380,现付,否,否
V001388,2026-04-25,B店,BO0107,B1,护理,380,现付,否,否
V001728,2026-04-25,A店,C00241,A5,染烫,880,现付,是,否
V001763,2026-04-25,A店,C00271,A3,剪发,180,现付,是,是
V001780,2026-04-25,A店,C00284,A2,护理,380,现付,是,否
V001821,2026-04-25,A店,C00313,A2,染烫,880,现付,否,否
V002185,2026-04-25,B店,C00618,B2,护理,380,现付,否,否
V000203,2026-04-26,A店,AO0054,A4,染烫,880,现付,否,否
V000393,2026-04-26,A店,AO0110,A5,剪发,180,现付,是,否
V000403,2026-04-26,A店,AO0112,A4,剪发,180,耗卡,否,否
V000475,2026-04-26,A店,AO0135,A2,护理,380,耗卡,否,否
V001000,2026-04-26,A店,AO0295,A3,护理,380,现付,否,否
V001164,2026-04-26,B店,BO0046,B2,护理,380,耗卡,否,否
V001167,2026-04-26,B店,BO0047,B3,剪发,180,现付,否,否
V001743,2026-04-26,A店,C00253,A5,剪发,180,现付,是,否
V001801,2026-04-26,A店,C00299,A2,剪发,180,现付,否,否
V001808,2026-04-26,A店,C00304,A1,护理,380,现付,是,否
V001812,2026-04-26,A店,C00306,A3,剪发,180,现付,否,否
V002132,2026-04-26,B店,C00575,B2,护理,380,现付,否,否
V002176,2026-04-26,B店,C00611,B2,剪发,180,现付,否,否
V002186,2026-04-26,B店,C00619,B3,护理,380,现付,否,否
V002202,2026-04-26,B店,C00630,B3,护理,380,现付,是,否
V002207,2026-04-26,B店,C00634,B1,剪发,180,现付,否,否
V002215,2026-04-26,B店,C00640,B2,护理,380,现付,否,否
V000244,2026-04-27,A店,AO0065,A5,剪发,180,现付,否,否
V000446,2026-04-27,A店,AO0126,A1,剪发,180,耗卡,否,否
V000504,2026-04-27,A店,AO0143,A5,剪发,180,现付,否,否
V000575,2026-04-27,A店,AO0165,A2,护理,380,现付,是,否
V000940,2026-04-27,A店,AO0274,A4,染烫,880,耗卡,否,否
V001048,2026-04-27,B店,BO0011,B1,剪发,180,现付,否,否
V001079,2026-04-27,B店,BO0019,B1,护理,380,现付,否,否
V001288,2026-04-27,B店,BO0081,B2,剪发,180,现付,是,否
V001319,2026-04-27,B店,BO0089,B3,染烫,880,耗卡,否,否
V001396,2026-04-27,B店,BO0109,B1,护理,380,现付,否,否
V001620,2026-04-27,A店,C00151,A2,护理,380,现付,是,否
V001640,2026-04-27,A店,C00167,A4,护理,380,现付,否,否
V001686,2026-04-27,A店,C00203,A3,染烫,880,现付,否,否
V001753,2026-04-27,A店,C00262,A4,护理,380,现付,否,否
V001761,2026-04-27,A店,C00270,A1,护理,380,现付,是,否
V001787,2026-04-27,A店,C00289,A2,护理,380,现付,是,否
V001813,2026-04-27,A店,C00307,A5,剪发,180,现付,否,否
V002183,2026-04-27,B店,C00617,B3,染烫,880,现付,否,否
V000208,2026-04-28,A店,AO0056,A3,剪发,180,现付,否,否
V000307,2026-04-28,A店,AO0084,A5,护理,380,现付,是,否
V000710,2026-04-28,A店,AO0207,A5,护理,380,现付,否,否
V000841,2026-04-28,A店,AO0247,A3,剪发,180,现付,是,否
V000881,2026-04-28,A店,AO0257,A2,染烫,880,耗卡,否,否
V001010,2026-04-28,A店,AO0299,A5,剪发,180,现付,否,否
V001254,2026-04-28,B店,BO0072,B1,染烫,880,耗卡,否,否
V001771,2026-04-28,A店,C00275,A5,剪发,180,现付,否,是
V002204,2026-04-28,B店,C00631,B2,护理,380,现付,否,否
V002210,2026-04-28,B店,C00637,B1,染烫,880,现付,否,否
V001755,2026-04-29,A店,C00264,A4,染烫,880,现付,否,否
V001756,2026-04-29,A店,C00265,A3,剪发,180,现付,否,否
V001792,2026-04-29,A店,C00294,A3,护理,380,现付,是,否
V001800,2026-04-29,A店,C00298,A3,护理,380,现付,否,否
V001820,2026-04-29,A店,C00312,A4,染烫,880,现付,否,否
V001785,2026-04-30,A店,C00287,A3,染烫,880,现付,否,否
V001791,2026-04-30,A店,C00293,A4,剪发,180,现付,否,否
V001830,2026-04-30,A店,C00320,A4,护理,380,现付,否,否
V002200,2026-04-30,B店,C00629,B2,染烫,880,现付,否,否
V002206,2026-04-30,B店,C00633,B1,护理,380,现付,否,否
V000466,2026-05-01,A店,AO0133,A3,剪发,180,耗卡,否,否
V000783,2026-05-01,A店,AO0229,A5,剪发,180,耗卡,否,否
V000860,2026-05-01,A店,AO0251,A3,染烫,880,耗卡,否,否
V001034,2026-05-01,B店,BO0006,B1,护理,380,耗卡,是,否
V001835,2026-05-01,A店,C00325,A4,剪发,180,现付,否,否
V001851,2026-05-01,A店,C00337,A5,剪发,180,现付,是,否
V001872,2026-05-01,A店,C00352,A5,护理,380,现付,否,否
V001901,2026-05-01,A店,C00376,A4,护理,380,现付,是,否
V000432,2026-05-02,A店,AO0120,A4,染烫,880,现付,否,否
V000955,2026-05-02,A店,AO0280,A4,染烫,880,现付,否,否
V001429,2026-05-02,B店,BO0119,B1,剪发,180,耗卡,否,否
V001632,2026-05-02,A店,C00161,A4,染烫,880,现付,否,否
V001844,2026-05-02,A店,C00332,A2,护理,380,现付,是,否
V000024,2026-05-03,A店,AO0006,A1,染烫,880,现付,否,否
V000152,2026-05-03,A店,AO0040,A2,护理,380,耗卡,是,否
V000231,2026-05-03,A店,AO0062,A4,剪发,180,耗卡,否,否
V000394,2026-05-03,A店,AO0110,A4,剪发,180,现付,否,否
V000747,2026-05-03,A店,AO0219,A2,染烫,880,现付,否,否
V000761,2026-05-03,A店,AO0223,A5,剪发,180,现付,否,否
V001363,2026-05-03,B店,BO0100,B2,护理,380,现付,否,否
V001887,2026-05-03,A店,C00364,A4,染烫,880,现付,否,否
V001892,2026-05-03,A店,C00368,A1,护理,380,现付,是,否
V001898,2026-05-03,A店,C00373,A1,护理,380,现付,是,否
V000171,2026-05-04,A店,AO0045,A2,护理,380,现付,否,否
V000218,2026-05-04,A店,AO0059,A2,护理,380,耗卡,否,否
V000329,2026-05-04,A店,AO0090,A5,护理,380,现付,否,否
V000722,2026-05-04,A店,AO0211,A1,护理,380,现付,是,否
V000779,2026-05-04,A店,AO0228,A4,剪发,180,现付,否,是
V000787,2026-05-04,A店,AO0230,A2,剪发,180,现付,否,否
V001074,2026-05-04,B店,BO0018,B1,剪发,180,耗卡,否,是
V001109,2026-05-04,B店,BO0030,B3,护理,380,现付,否,否
V001294,2026-05-04,B店,BO0082,B1,剪发,180,耗卡,否,否
V001347,2026-05-04,B店,BO0096,B2,护理,380,现付,否,否
V001415,2026-05-04,B店,BO0114,B2,护理,380,现付,否,否
V001768,2026-05-04,A店,C00273,A4,剪发,180,现付,否,是
V001770,2026-05-04,A店,C00274,A5,护理,380,现付,是,否
V001902,2026-05-04,A店,C00377,A4,护理,380,现付,否,否
V001909,2026-05-04,A店,C00382,A5,剪发,180,现付,否,否
V001923,2026-05-04,A店,C00394,A2,染烫,880,现付,否,否
V002147,2026-05-04,B店,C00587,B3,护理,380,现付,否,否
V002257,2026-05-04,B店,C00678,B1,护理,380,现付,否,否
V000013,2026-05-05,A店,AO0003,A1,剪发,180,耗卡,否,否
V000135,2026-05-05,A店,AO0034,A3,剪发,180,现付,否,否
V000147,2026-05-05,A店,AO0039,A2,染烫,880,现付,是,否
V000367,2026-05-05,A店,AO0100,A2,护理,380,现付,是,否
V000481,2026-05-05,A店,AO0136,A3,剪发,180,耗卡,否,否
V000792,2026-05-05,A店,AO0231,A3,护理,380,现付,是,否
V001038,2026-05-05,B店,BO0008,B2,护理,380,耗卡,否,否
V001214,2026-05-05,B店,BO0059,B2,护理,380,现付,否,否
V001231,2026-05-05,B店,BO0066,B2,护理,380,现付,否,否
V001910,2026-05-05,A店,C00383,A5,护理,380,现付,否,否
V001925,2026-05-05,A店,C00396,A1,护理,380,现付,否,否
V002141,2026-05-05,B店,C00582,B3,剪发,180,现付,否,否
V000047,2026-05-06,A店,AO0012,A4,染烫,880,现付,是,否
V000162,2026-05-06,A店,AO0043,A4,染烫,880,现付,是,否
V000190,2026-05-06,A店,AO0050,A2,染烫,880,现付,否,否
V000206,2026-05-06,A店,AO0055,A4,染烫,880,耗卡,是,否
V000444,2026-05-06,A店,AO0125,A4,护理,380,现付,是,否
V000576,2026-05-06,A店,AO0165,A1,护理,380,耗卡,是,否
V000714,2026-05-06,A店,AO0208,A5,护理,380,耗卡,否,否
V000882,2026-05-06,A店,AO0257,A4,护理,380,现付,是,否
V000938,2026-05-06,A店,AO0273,A3,护理,380,现付,否,否
V001096,2026-05-06,B店,BO0025,B3,剪发,180,现付,否,否
V001283,2026-05-06,B店,BO0079,B3,剪发,180,耗卡,否,否
V001381,2026-05-06,B店,BO0105,B3,剪发,180,耗卡,否,否
V001660,2026-05-06,A店,C00183,A2,护理,380,现付,是,否
V001874,2026-05-06,A店,C00354,A5,染烫,880,现付,否,否
V002227,2026-05-06,B店,C00651,B1,剪发,180,现付,否,否
V002243,2026-05-06,B店,C00665,B1,护理,380,现付,是,否
V000199,2026-05-07,A店,AO0053,A5,染烫,880,现付,否,否
V000567,2026-05-07,A店,AO0163,A5,剪发,180,现付,否,否
V000733,2026-05-07,A店,AO0215,A3,剪发,180,现付,否,否
V000910,2026-05-07,A店,AO0265,A5,剪发,180,现付,否,否
V000941,2026-05-07,A店,AO0274,A2,护理,380,耗卡,否,否
V000976,2026-05-07,A店,AO0288,A2,剪发,180,耗卡,否,否
V001115,2026-05-07,B店,BO0031,B3,剪发,180,耗卡,否,否
V001271,2026-05-07,B店,BO0076,B3,染烫,880,现付,否,否
V001683,2026-05-07,A店,C00201,A3,剪发,180,现付,否,否
V001831,2026-05-07,A店,C00321,A5,染烫,880,现付,否,否
V001894,2026-05-07,A店,C00370,A2,护理,380,现付,是,否
V001922,2026-05-07,A店,C00393,A5,护理,380,现付,否,否
V002203,2026-05-07,B店,C00630,B3,护理,380,现付,否,否
V002230,2026-05-07,B店,C00653,B1,护理,380,现付,否,否
V002235,2026-05-07,B店,C00658,B3,剪发,180,现付,否,否
V002251,2026-05-07,B店,C00673,B1,剪发,180,现付,是,否
V002259,2026-05-07,B店,C00680,B2,剪发,180,现付,否,否
V000268,2026-05-08,A店,AO0072,A2,护理,380,耗卡,是,否
V000545,2026-05-08,A店,AO0156,A3,剪发,180,耗卡,否,否
V000678,2026-05-08,A店,AO0198,A1,剪发,180,耗卡,否,否
V001848,2026-05-08,A店,C00335,A1,剪发,180,现付,是,否
V001858,2026-05-08,A店,C00343,A3,染烫,880,现付,否,否
V001873,2026-05-08,A店,C00353,A3,剪发,180,现付,否,否
V002165,2026-05-08,B店,C00602,B3,护理,380,现付,是,否
V002167,2026-05-08,B店,C00603,B2,染烫,880,现付,否,否
V002221,2026-05-08,B店,C00645,B3,护理,380,现付,否,否
V002238,2026-05-08,B店,C00661,B1,护理,380,现付,否,否
V000498,2026-05-09,A店,AO0141,A4,剪发,180,耗卡,否,否
V000809,2026-05-09,A店,AO0237,A2,护理,380,耗卡,否,否
V001089,2026-05-09,B店,BO0023,B1,护理,380,现付,否,否
V001862,2026-05-09,A店,C00346,A4,护理,380,现付,否,否
V001890,2026-05-09,A店,C00366,A4,染烫,880,现付,否,否
V001912,2026-05-09,A店,C00384,A1,剪发,180,现付,否,否
V002193,2026-05-09,B店,C00624,B2,剪发,180,现付,否,否
V002217,2026-05-09,B店,C00642,B3,护理,380,现付,否,否
V002241,2026-05-09,B店,C00664,B2,剪发,180,现付,否,否
V000039,2026-05-10,A店,AO0010,A5,剪发,180,现付,是,否
V000263,2026-05-10,A店,AO0071,A2,剪发,180,现付,否,否
V000851,2026-05-10,A店,AO0249,A3,剪发,180,耗卡,否,否
V000865,2026-05-10,A店,AO0252,A1,剪发,180,现付,否,否
V000949,2026-05-10,A店,AO0278,A4,剪发,180,耗卡,否,否
V000957,2026-05-10,A店,AO0281,A4,剪发,180,现付,否,否
V000979,2026-05-10,A店,AO0289,A4,护理,380,现付,是,否
V001136,2026-05-10,B店,BO0038,B2,剪发,180,耗卡,否,否
V001289,2026-05-10,B店,BO0081,B2,护理,380,现付,否,否
V001357,2026-05-10,B店,BO0098,B2,护理,380,耗卡,是,否
V001411,2026-05-10,B店,BO0113,B2,染烫,880,现付,否,否
V001838,2026-05-10,A店,C00328,A1,护理,380,现付,是,否
V001841,2026-05-10,A店,C00330,A1,护理,380,现付,是,否
V001854,2026-05-10,A店,C00339,A4,护理,380,现付,是,否
V000010,2026-05-11,A店,AO0002,A2,染烫,880,现付,否,否
V000321,2026-05-11,A店,AO0088,A3,护理,380,耗卡,否,否
V000381,2026-05-11,A店,AO0106,A3,护理,380,现付,否,否
V000386,2026-05-11,A店,AO0108,A3,护理,380,现付,是,否
V000417,2026-05-11,A店,AO0116,A2,染烫,880,现付,否,否
V000521,2026-05-11,A店,AO0148,A1,护理,380,现付,是,否
V000551,2026-05-11,A店,AO0158,A4,剪发,180,现付,否,否
V001332,2026-05-11,B店,BO0092,B2,剪发,180,耗卡,否,否
V001833,2026-05-11,A店,C00323,A5,护理,380,现付,否,否
V001836,2026-05-11,A店,C00326,A2,护理,380,现付,否,否
V001842,2026-05-11,A店,C00331,A1,护理,380,现付,是,否
V001855,2026-05-11,A店,C00340,A3,护理,380,现付,否,否
V001860,2026-05-11,A店,C00344,A2,护理,380,现付,否,否
V000204,2026-05-12,A店,AO0054,A1,护理,380,耗卡,是,否
V000274,2026-05-12,A店,AO0074,A1,剪发,180,现付,否,否
V000376,2026-05-12,A店,AO0104,A3,剪发,180,现付,否,否
V000549,2026-05-12,A店,AO0157,A4,染烫,880,耗卡,否,是
V000581,2026-05-12,A店,AO0167,A2,护理,380,现付,否,否
V000856,2026-05-12,A店,AO0250,A5,染烫,880,耗卡,否,否
V001069,2026-05-12,B店,BO0017,B2,护理,380,耗卡,否,否
V001131,2026-05-12,B店,BO0036,B2,护理,380,耗卡,否,是
V001198,2026-05-12,B店,BO0054,B1,剪发,180,耗卡,否,是
V001732,2026-05-12,A店,C00244,A4,护理,380,现付,是,否
V001797,2026-05-12,A店,C00296,A3,护理,380,现付,否,否
V001846,2026-05-12,A店,C00333,A1,护理,380,现付,是,否
V001853,2026-05-12,A店,C00338,A4,剪发,180,现付,否,否
V001864,2026-05-12,A店,C00347,A1,护理,380,现付,是,否
V001905,2026-05-12,A店,C00379,A2,护理,380,现付,是,否
V001907,2026-05-12,A店,C00380,A1,剪发,180,现付,否,否
V002248,2026-05-12,B店,C00670,B3,剪发,180,现付,否,否
V000069,2026-05-13,A店,AO0017,A1,剪发,180,现付,否,否
V000108,2026-05-13,A店,AO0027,A4,染烫,880,现付,是,否
V000209,2026-05-13,A店,AO0056,A4,剪发,180,现付,否,否
V000253,2026-05-13,A店,AO0068,A2,染烫,880,现付,否,否
V000303,2026-05-13,A店,AO0082,A2,剪发,180,耗卡,否,否
V000338,2026-05-13,A店,AO0092,A3,剪发,180,现付,否,否
V000343,2026-05-13,A店,AO0093,A4,染烫,880,现付,否,否
V000651,2026-05-13,A店,AO0190,A5,剪发,180,耗卡,否,否
V001056,2026-05-13,B店,BO0014,B3,护理,380,耗卡,否,否
V001202,2026-05-13,B店,BO0055,B3,护理,380,耗卡,否,否
V001352,2026-05-13,B店,BO0097,B3,剪发,180,现付,否,否
V001840,2026-05-13,A店,C00329,A3,剪发,180,现付,是,否
V001899,2026-05-13,A店,C00374,A3,护理,380,现付,否,否
V002139,2026-05-13,B店,C00581,B3,染烫,880,现付,是,否
V002234,2026-05-13,B店,C00657,B3,染烫,880,现付,否,否
V002246,2026-05-13,B店,C00668,B1,剪发,180,现付,否,否
V000166,2026-05-14,A店,AO0044,A5,护理,380,现付,否,否
V000223,2026-05-14,A店,AO0060,A1,剪发,180,现付,是,否
V000347,2026-05-14,A店,AO0094,A2,护理,380,现付,是,否
V000869,2026-05-14,A店,AO0253,A3,护理,380,耗卡,是,否
V001188,2026-05-14,B店,BO0052,B3,剪发,180,现付,否,否
V001229,2026-05-14,B店,BO0065,B2,护理,380,现付,否,否
V001870,2026-05-14,A店,C00350,A1,护理,380,现付,是,否
V001921,2026-05-14,A店,C00392,A2,剪发,180,现付,否,否
V001927,2026-05-14,A店,C00398,A4,护理,380,现付,否,否
V002196,2026-05-14,B店,C00626,B3,护理,380,现付,否,否
V002213,2026-05-14,B店,C00638,B1,护理,380,现付,否,否
V002237,2026-05-14,B店,C00660,B3,染烫,880,现付,否,否
V000008,2026-05-15,A店,AO0001,A3,剪发,180,耗卡,否,否
V000179,2026-05-15,A店,AO0047,A1,剪发,180,现付,否,否
V000447,2026-05-15,A店,AO0126,A3,护理,380,现付,否,否
V000510,2026-05-15,A店,AO0144,A2,护理,380,现付,是,否
V000578,2026-05-15,A店,AO0166,A4,染烫,880,现付,是,否
V000682,2026-05-15,A店,AO0199,A2,剪发,180,现付,否,否
V001104,2026-05-15,B店,BO0028,B1,染烫,880,耗卡,否,否
V001335,2026-05-15,B店,BO0093,B3,护理,380,耗卡,否,否
V001897,2026-05-15,A店,C00372,A3,护理,380,现付,否,否
V000236,2026-05-16,A店,AO0063,A1,染烫,880,现付,否,否
V000404,2026-05-16,A店,AO0112,A3,护理,380,现付,否,否
V000555,2026-05-16,A店,AO0159,A2,护理,380,现付,否,否
V000626,2026-05-16,A店,AO0181,A3,护理,380,耗卡,否,否
V000632,2026-05-16,A店,AO0183,A3,剪发,180,现付,是,否
V000663,2026-05-16,A店,AO0193,A3,护理,380,耗卡,否,否
V001016,2026-05-16,B店,BO0001,B1,护理,380,耗卡,否,否
V001040,2026-05-16,B店,BO0009,B3,剪发,180,耗卡,否,否
V001099,2026-05-16,B店,BO0026,B1,护理,380,现付,是,否
V001762,2026-05-16,A店,C00270,A4,护理,380,现付,否,否
V001915,2026-05-16,A店,C00386,A1,护理,380,现付,是,否
V002163,2026-05-16,B店,C00601,B3,护理,380,现付,否,否
V000249,2026-05-17,A店,AO0066,A1,剪发,180,现付,否,否
V000368,2026-05-17,A店,AO0101,A4,剪发,180,耗卡,否,否
V000797,2026-05-17,A店,AO0233,A1,护理,380,现付,是,否
V000807,2026-05-17,A店,AO0236,A3,染烫,880,现付,否,否
V000837,2026-05-17,A店,AO0246,A4,护理,380,现付,否,否
V000988,2026-05-17,A店,AO0292,A1,护理,380,耗卡,否,否
V001278,2026-05-17,B店,BO0078,B1,剪发,180,现付,否,否
V001804,2026-05-17,A店,C00301,A2,剪发,180,现付,否,否
V001880,2026-05-17,A店,C00359,A1,护理,380,现付,是,否
V001919,2026-05-17,A店,C00390,A3,护理,380,现付,否,否
V002233,2026-05-17,B店,C00656,B3,染烫,880,现付,否,否
V002244,2026-05-17,B店,C00666,B1,剪发,180,现付,否,否
V002253,2026-05-17,B店,C00675,B1,剪发,180,现付,否,否
V000021,2026-05-18,A店,AO0005,A4,护理,380,现付,否,否
V000271,2026-05-18,A店,AO0073,A4,护理,380,耗卡,是,否
V000642,2026-05-18,A店,AO0187,A2,剪发,180,现付,是,否
V000768,2026-05-18,A店,AO0225,A2,护理,380,耗卡,是,否
V000827,2026-05-18,A店,AO0244,A2,剪发,180,现付,否,否
V001340,2026-05-18,B店,BO0094,B3,护理,380,耗卡,否,否
V001397,2026-05-18,B店,BO0109,B3,剪发,180,现付,否,否
V001809,2026-05-18,A店,C00304,A4,护理,380,现付,否,否
V001845,2026-05-18,A店,C00332,A2,护理,380,现付,否,否
V002216,2026-05-18,B店,C00641,B1,护理,380,现付,是,否
V002245,2026-05-18,B店,C00667,B1,护理,380,现付,是,否
V002247,2026-05-18,B店,C00669,B3,剪发,180,现付,否,否
V000092,2026-05-19,A店,AO0022,A3,染烫,880,现付,否,否
V000096,2026-05-19,A店,AO0023,A2,剪发,180,耗卡,否,否
V000120,2026-05-19,A店,AO0030,A4,护理,380,耗卡,是,否
V000295,2026-05-19,A店,AO0080,A3,染烫,880,现付,否,否
V000365,2026-05-19,A店,AO0099,A4,护理,380,现付,否,否
V000389,2026-05-19,A店,AO0109,A2,剪发,180,现付,否,否
V000590,2026-05-19,A店,AO0170,A2,护理,380,现付,否,否
V000600,2026-05-19,A店,AO0173,A2,剪发,180,现付,否,否
V000688,2026-05-19,A店,AO0201,A4,剪发,180,现付,是,否
V001023,2026-05-19,B店,BO0003,B2,护理,380,现付,否,否
V001028,2026-05-19,B店,BO0005,B2,剪发,180,耗卡,否,否
V001053,2026-05-19,B店,BO0013,B3,染烫,880,耗卡,是,否
V001168,2026-05-19,B店,BO0047,B3,护理,380,耗卡,否,否
V001235,2026-05-19,B店,BO0067,B3,剪发,180,现付,否,否
V001310,2026-05-19,B店,BO0087,B1,护理,380,现付,否,否
V001360,2026-05-19,B店,BO0099,B1,染烫,880,耗卡,否,否
V001815,2026-05-19,A店,C00308,A3,剪发,180,现付,否,否
V001827,2026-05-19,A店,C00317,A2,护理,380,现付,是,否
V001875,2026-05-19,A店,C00355,A3,护理,380,现付,否,否
V001896,2026-05-19,A店,C00371,A1,染烫,880,现付,否,否
V002254,2026-05-19,B店,C00676,B1,剪发,180,现付,是,否
V000053,2026-05-20,A店,AO0013,A3,护理,380,现付,否,否
V000087,2026-05-20,A店,AO0021,A1,剪发,180,耗卡,否,否
V000132,2026-05-20,A店,AO0033,A3,剪发,180,现付,否,否
V000175,2026-05-20,A店,AO0046,A1,护理,380,现付,是,否
V000194,2026-05-20,A店,AO0051,A4,护理,380,耗卡,否,否
V000558,2026-05-20,A店,AO0160,A1,剪发,180,现付,是,否
V000930,2026-05-20,A店,AO0271,A3,护理,380,现付,否,否
V001175,2026-05-20,B店,BO0049,B1,护理,380,现付,否,否
V001192,2026-05-20,B店,BO0053,B1,护理,380,现付,否,否
V001425,2026-05-20,B店,BO0118,B2,剪发,180,现付,否,否
V001849,2026-05-20,A店,C00335,A1,剪发,180,现付,否,否
V001889,2026-05-20,A店,C00365,A1,护理,380,现付,是,否
V002224,2026-05-20,B店,C00648,B2,护理,380,现付,否,否
V002229,2026-05-20,B店,C00652,B1,护理,380,现付,否,否
V000183,2026-05-21,A店,AO0048,A1,剪发,180,耗卡,否,否
V000187,2026-05-21,A店,AO0049,A1,剪发,180,现付,否,否
V000414,2026-05-21,A店,AO0115,A2,染烫,880,现付,否,否
V000439,2026-05-21,A店,AO0123,A1,剪发,180,现付,否,否
V000471,2026-05-21,A店,AO0134,A1,护理,380,现付,是,否
V000963,2026-05-21,A店,AO0283,A3,护理,380,现付,否,否
V001050,2026-05-21,B店,BO0012,B1,剪发,180,现付,否,否
V001285,2026-05-21,B店,BO0080,B1,护理,380,现付,否,否
V001653,2026-05-21,A店,C00177,A2,护理,380,现付,是,否
V001764,2026-05-21,A店,C00271,A2,剪发,180,现付,否,否
V001924,2026-05-21,A店,C00395,A4,护理,380,现付,否,否
V002232,2026-05-21,B店,C00655,B1,护理,380,现付,否,否
V002249,2026-05-21,B店,C00671,B1,染烫,880,现付,否,否
V002250,2026-05-21,B店,C00672,B3,剪发,180,现付,否,否
V000245,2026-05-22,A店,AO0065,A3,护理,380,现付,否,否
V000502,2026-05-22,A店,AO0142,A4,剪发,180,现付,否,否
V000802,2026-05-22,A店,AO0235,A1,护理,380,现付,是,否
V000873,2026-05-22,A店,AO0254,A3,护理,380,现付,是,否
V001026,2026-05-22,B店,BO0004,B3,剪发,180,耗卡,否,否
V001152,2026-05-22,B店,BO0043,B3,染烫,880,耗卡,否,是
V001179,2026-05-22,B店,BO0050,B1,护理,380,现付,否,否
V001370,2026-05-22,B店,BO0103,B3,剪发,180,耗卡,否,否
V001392,2026-05-22,B店,BO0108,B3,剪发,180,现付,否,否
V001861,2026-05-22,A店,C00345,A1,护理,380,现付,否,否
V001876,2026-05-22,A店,C00356,A4,护理,380,现付,是,否
V001881,2026-05-22,A店,C00360,A1,护理,380,现付,是,否
V001930,2026-05-22,A店,C00400,A1,护理,380,现付,是,否
V002231,2026-05-22,B店,C00654,B2,剪发,180,现付,否,否
V000079,2026-05-23,A店,AO0019,A1,护理,380,耗卡,否,否
V000140,2026-05-23,A店,AO0036,A2,护理,380,现付,是,否
V000517,2026-05-23,A店,AO0147,A2,护理,380,耗卡,是,否
V000832,2026-05-23,A店,AO0245,A1,染烫,880,耗卡,否,否
V000842,2026-05-23,A店,AO0247,A1,剪发,180,耗卡,否,否
V001006,2026-05-23,A店,AO0297,A3,护理,380,耗卡,否,否
V001157,2026-05-23,B店,BO0044,B1,护理,380,现付,是,否
V001210,2026-05-23,B店,BO0058,B1,剪发,180,耗卡,否,否
V001275,2026-05-23,B店,BO0077,B3,剪发,180,现付,否,否
V001296,2026-05-23,B店,BO0083,B3,剪发,180,现付,否,否
V001325,2026-05-23,B店,BO0090,B1,染烫,880,耗卡,是,否
V001737,2026-05-23,A店,C00248,A2,护理,380,现付,否,否
V001847,2026-05-23,A店,C00334,A2,剪发,180,现付,否,否
V001868,2026-05-23,A店,C00349,A4,护理,380,现付,是,否
V002256,2026-05-23,B店,C00677,B3,护理,380,现付,是,否
V000278,2026-05-24,A店,AO0075,A2,剪发,180,现付,否,否
V000288,2026-05-24,A店,AO0078,A4,染烫,880,耗卡,否,否
V000528,2026-05-24,A店,AO0150,A1,剪发,180,现付,否,否
V000619,2026-05-24,A店,AO0178,A2,剪发,180,现付,否,否
V000628,2026-05-24,A店,AO0182,A3,护理,380,耗卡,否,否
V000889,2026-05-24,A店,AO0259,A2,剪发,180,现付,是,否
V000950,2026-05-24,A店,AO0279,A2,护理,380,现付,是,否
V001329,2026-05-24,B店,BO0091,B2,剪发,180,耗卡,否,否
V001407,2026-05-24,B店,BO0112,B3,剪发,180,现付,否,否
V001742,2026-05-24,A店,C00252,A2,染烫,880,现付,否,否
V001837,2026-05-24,A店,C00327,A3,护理,380,现付,是,否
V001871,2026-05-24,A店,C00351,A1,剪发,180,现付,否,否
V001893,2026-05-24,A店,C00369,A4,剪发,180,现付,是,否
V001914,2026-05-24,A店,C00385,A4,护理,380,现付,否,否
V002223,2026-05-24,B店,C00647,B2,护理,380,现付,否,否
V002226,2026-05-24,B店,C00650,B2,染烫,880,现付,否,否
V002240,2026-05-24,B店,C00663,B1,护理,380,现付,否,否
V002252,2026-05-24,B店,C00674,B3,剪发,180,现付,是,否
V002258,2026-05-24,B店,C00679,B3,剪发,180,现付,否,否
V000160,2026-05-25,A店,AO0042,A4,护理,380,耗卡,否,否
V000240,2026-05-25,A店,AO0064,A1,剪发,180,现付,是,否
V000596,2026-05-25,A店,AO0172,A4,护理,380,耗卡,否,否
V000602,2026-05-25,A店,AO0174,A2,染烫,880,耗卡,是,否
V000647,2026-05-25,A店,AO0189,A1,剪发,180,耗卡,否,否
V000901,2026-05-25,A店,AO0262,A4,染烫,880,现付,否,否
V000960,2026-05-25,A店,AO0282,A2,剪发,180,现付,是,否
V001172,2026-05-25,B店,BO0048,B1,护理,380,耗卡,是,否
V001184,2026-05-25,B店,BO0051,B2,剪发,180,耗卡,否,否
V001834,2026-05-25,A店,C00324,A2,剪发,180,现付,否,否
V001852,2026-05-25,A店,C00337,A4,剪发,180,现付,是,否
V001856,2026-05-25,A店,C00341,A1,护理,380,现付,是,否
V001857,2026-05-25,A店,C00342,A2,剪发,180,现付,否,否
V001883,2026-05-25,A店,C00361,A4,护理,380,现付,是,否
V001885,2026-05-25,A店,C00363,A1,剪发,180,现付,否,否
V001916,2026-05-25,A店,C00387,A4,护理,380,现付,否,否
V001929,2026-05-25,A店,C00399,A1,护理,380,现付,是,否
V000004,2026-05-26,A店,AO0000,A3,护理,380,现付,是,否
V000029,2026-05-26,A店,AO0007,A1,染烫,880,现付,否,否
V000115,2026-05-26,A店,AO0029,A3,染烫,880,耗卡,否,否
V000126,2026-05-26,A店,AO0031,A4,护理,380,耗卡,是,否
V000429,2026-05-26,A店,AO0119,A3,护理,380,现付,是,否
V000492,2026-05-26,A店,AO0139,A4,剪发,180,耗卡,否,否
V000659,2026-05-26,A店,AO0192,A4,剪发,180,耗卡,否,是
V000700,2026-05-26,A店,AO0204,A3,护理,380,耗卡,否,否
V000706,2026-05-26,A店,AO0206,A3,剪发,180,现付,否,否
V000742,2026-05-26,A店,AO0218,A3,护理,380,耗卡,否,否
V000893,2026-05-26,A店,AO0260,A4,剪发,180,耗卡,否,否
V000968,2026-05-26,A店,AO0285,A3,剪发,180,耗卡,否,否
V001314,2026-05-26,B店,BO0088,B1,护理,380,耗卡,否,否
V001795,2026-05-26,A店,C00295,A4,护理,380,现付,否,否
V001879,2026-05-26,A店,C00358,A2,染烫,880,现付,否,否
V001900,2026-05-26,A店,C00375,A1,染烫,880,现付,否,否
V001908,2026-05-26,A店,C00381,A4,染烫,880,现付,否,否
V001926,2026-05-26,A店,C00397,A4,染烫,880,现付,否,否
V000898,2026-05-27,A店,AO0261,A3,护理,380,耗卡,否,否
V001065,2026-05-27,B店,BO0016,B3,剪发,180,耗卡,否,否
V001238,2026-05-27,B店,BO0068,B1,护理,380,现付,否,否
V001244,2026-05-27,B店,BO0069,B2,护理,380,现付,否,否
V001375,2026-05-27,B店,BO0104,B3,剪发,180,耗卡,否,否
V001832,2026-05-27,A店,C00322,A1,剪发,180,现付,否,否
V001917,2026-05-27,A店,C00388,A3,护理,380,现付,否,否
V001918,2026-05-27,A店,C00389,A2,剪发,180,现付,否,否
V002218,2026-05-27,B店,C00643,B1,护理,380,现付,否,否
V002236,2026-05-27,B店,C00659,B1,护理,380,现付,否,否
V000333,2026-05-28,A店,AO0091,A2,护理,380,耗卡,否,否
V000370,2026-05-28,A店,AO0102,A2,染烫,880,现付,否,否
V000437,2026-05-28,A店,AO0122,A4,护理,380,现付,是,否
V000564,2026-05-28,A店,AO0162,A3,剪发,180,现付,否,否
V000925,2026-05-28,A店,AO0270,A3,护理,380,现付,否,否
V001061,2026-05-28,B店,BO0015,B2,护理,380,现付,否,否
V001118,2026-05-28,B店,BO0032,B1,剪发,180,现付,是,否
V001799,2026-05-28,A店,C00297,A1,剪发,180,现付,否,是
V001850,2026-05-28,A店,C00336,A4,护理,380,现付,否,否
V002220,2026-05-28,B店,C00644,B1,护理,380,现付,否,否
V002222,2026-05-28,B店,C00646,B2,护理,380,现付,否,否
V002228,2026-05-28,B店,C00651,B3,剪发,180,现付,是,否
V002239,2026-05-28,B店,C00662,B3,护理,380,现付,否,否
V002260,2026-05-28,B店,C00680,B2,剪发,180,现付,否,否
V001781,2026-05-29,A店,C00284,A4,护理,380,现付,是,否
V001859,2026-05-29,A店,C00343,A3,染烫,880,现付,否,否
V001878,2026-05-29,A店,C00357,A2,护理,380,现付,是,否
V001884,2026-05-29,A店,C00362,A1,护理,380,现付,是,否
V001891,2026-05-29,A店,C00367,A4,染烫,880,现付,否,否
V002225,2026-05-29,B店,C00649,B2,护理,380,现付,否,否
V001866,2026-05-30,A店,C00348,A1,染烫,880,现付,否,否
V001903,2026-05-30,A店,C00377,A3,护理,380,现付,否,否
V001904,2026-05-30,A店,C00378,A2,护理,380,现付,是,否
V001920,2026-05-30,A店,C00391,A2,染烫,880,现付,否,否
V001817,2026-05-31,A店,C00309,A3,剪发,180,现付,否,否
V001865,2026-05-31,A店,C00347,A3,护理,380,现付,否,否
V000780,2026-06-01,A店,AO0228,A3,护理,380,现付,否,否
V000939,2026-06-01,A店,AO0273,A4,护理,380,耗卡,否,否
V000993,2026-06-01,A店,AO0293,A1,护理,380,耗卡,是,否
V000996,2026-06-01,A店,AO0294,A3,染烫,880,现付,否,否
V001180,2026-06-01,B店,BO0050,B1,剪发,180,现付,否,否
V001206,2026-06-01,B店,BO0057,B1,护理,380,耗卡,否,否
V001239,2026-06-01,B店,BO0068,B1,剪发,180,现付,否,否
V001947,2026-06-01,A店,C00416,A1,护理,380,现付,是,否
V001949,2026-06-01,A店,C00418,A3,护理,380,现付,否,否
V001961,2026-06-01,A店,C00430,A3,剪发,180,现付,是,否
V001975,2026-06-01,A店,C00444,A3,护理,380,现付,是,否
V001998,2026-06-01,A店,C00467,A4,护理,380,现付,是,是
V002000,2026-06-01,A店,C00468,A3,染烫,880,现付,否,否
V002188,2026-06-01,B店,C00620,B2,护理,380,现付,否,否
V002270,2026-06-01,B店,C00690,B2,护理,380,现付,否,否
V000070,2026-06-02,A店,AO0017,A1,护理,380,现付,否,否
V000259,2026-06-02,A店,AO0070,A4,染烫,880,耗卡,否,否
V000425,2026-06-02,A店,AO0118,A2,护理,380,耗卡,是,否
V000532,2026-06-02,A店,AO0151,A1,护理,380,现付,是,否
V000584,2026-06-02,A店,AO0168,A3,染烫,880,耗卡,否,否
V000803,2026-06-02,A店,AO0235,A1,护理,380,耗卡,是,否
V000931,2026-06-02,A店,AO0271,A2,剪发,180,现付,否,否
V000969,2026-06-02,A店,AO0285,A3,染烫,880,耗卡,是,否
V000980,2026-06-02,A店,AO0289,A4,护理,380,现付,否,否
V001070,2026-06-02,B店,BO0017,B3,剪发,180,耗卡,否,否
V001958,2026-06-02,A店,C00427,A1,护理,380,现付,是,否
V001967,2026-06-02,A店,C00436,A1,护理,380,现付,是,否
V001985,2026-06-02,A店,C00454,A1,剪发,180,现付,是,否
V002170,2026-06-02,B店,C00605,B3,染烫,880,现付,否,否
V002269,2026-06-02,B店,C00689,B2,剪发,180,现付,否,否
V002276,2026-06-02,B店,C00696,B3,剪发,180,现付,否,否
V000005,2026-06-03,A店,AO0000,A3,护理,380,耗卡,否,否
V000011,2026-06-03,A店,AO0002,A3,护理,380,现付,是,否
V000030,2026-06-03,A店,AO0007,A2,染烫,880,现付,否,否
V000035,2026-06-03,A店,AO0009,A3,护理,380,现付,否,否
V000458,2026-06-03,A店,AO0131,A3,护理,380,耗卡,否,否
V000669,2026-06-03,A店,AO0195,A1,剪发,180,现付,否,否
V000788,2026-06-03,A店,AO0230,A3,染烫,880,现付,否,否
V000861,2026-06-03,A店,AO0251,A4,剪发,180,现付,否,否
V000923,2026-06-03,A店,AO0269,A4,剪发,180,现付,否,否
V001017,2026-06-03,B店,BO0001,B1,剪发,180,现付,否,否
V001250,2026-06-03,B店,BO0071,B3,染烫,880,现付,否,否
V001793,2026-06-03,A店,C00294,A2,护理,380,现付,是,否
V001906,2026-06-03,A店,C00379,A2,护理,380,现付,是,否
V001943,2026-06-03,A店,C00413,A1,护理,380,现付,是,否
V001968,2026-06-03,A店,C00437,A3,剪发,180,现付,否,否
V001980,2026-06-03,A店,C00449,A2,剪发,180,现付,否,否
V001996,2026-06-03,A店,C00465,A4,染烫,880,现付,否,否
V002277,2026-06-03,B店,C00697,B1,护理,380,现付,否,否
V002291,2026-06-03,B店,C00710,B3,剪发,180,现付,是,否
V000113,2026-06-04,A店,AO0028,A3,剪发,180,耗卡,否,否
V000158,2026-06-04,A店,AO0041,A4,护理,380,现付,否,否
V000452,2026-06-04,A店,AO0128,A3,护理,380,现付,否,否
V000587,2026-06-04,A店,AO0169,A1,剪发,180,现付,是,否
V000637,2026-06-04,A店,AO0185,A4,护理,380,耗卡,否,否
V000726,2026-06-04,A店,AO0212,A4,染烫,880,耗卡,是,否
V000843,2026-06-04,A店,AO0247,A1,护理,380,现付,是,否
V000919,2026-06-04,A店,AO0268,A1,染烫,880,现付,否,否
V001301,2026-06-04,B店,BO0084,B1,剪发,180,耗卡,否,否
V001315,2026-06-04,B店,BO0088,B3,剪发,180,现付,是,否
V001320,2026-06-04,B店,BO0089,B2,染烫,880,现付,否,否
V001749,2026-06-04,A店,C00258,A1,护理,380,现付,否,否
V001766,2026-06-04,A店,C00272,A4,染烫,880,现付,是,否
V001948,2026-06-04,A店,C00417,A3,剪发,180,现付,否,否
V002292,2026-06-04,B店,C00711,B1,护理,380,现付,是,否
V000121,2026-06-05,A店,AO0030,A2,护理,380,现付,是,否
V000450,2026-06-05,A店,AO0127,A1,剪发,180,现付,否,否
V000615,2026-06-05,A店,AO0177,A4,护理,380,耗卡,否,否
V000728,2026-06-05,A店,AO0213,A3,剪发,180,现付,否,否
V000838,2026-06-05,A店,AO0246,A1,剪发,180,现付,否,否
V001272,2026-06-05,B店,BO0076,B2,护理,380,现付,否,否
V001306,2026-06-05,B店,BO0085,B1,护理,380,现付,否,否
V001333,2026-06-05,B店,BO0092,B2,护理,380,耗卡,否,否
V001956,2026-06-05,A店,C00425,A2,剪发,180,现付,否,否
V002268,2026-06-05,B店,C00688,B2,染烫,880,现付,是,否
V000395,2026-06-06,A店,AO0110,A4,护理,380,现付,否,否
V000514,2026-06-06,A店,AO0146,A1,剪发,180,耗卡,否,否
V000793,2026-06-06,A店,AO0231,A3,剪发,180,耗卡,否,否
V000913,2026-06-06,A店,AO0266,A3,护理,380,现付,否,否
V000989,2026-06-06,A店,AO0292,A3,护理,380,耗卡,否,否
V001066,2026-06-06,B店,BO0016,B2,染烫,880,现付,否,否
V001110,2026-06-06,B店,BO0030,B1,护理,380,现付,否,否
V001934,2026-06-06,A店,C00404,A3,染烫,880,现付,是,否
V001945,2026-06-06,A店,C00414,A1,护理,380,现付,是,否
V001950,2026-06-06,A店,C00419,A2,护理,380,现付,是,否
V001982,2026-06-06,A店,C00451,A1,剪发,180,现付,否,否
V002002,2026-06-06,A店,C00470,A4,护理,380,现付,是,否
V002004,2026-06-06,A店,C00472,A3,剪发,180,现付,否,否
V002006,2026-06-06,A店,C00474,A1,护理,380,现付,是,否
V000461,2026-06-07,A店,AO0132,A4,护理,380,现付,是,否
V000636,2026-06-07,A店,AO0184,A2,护理,380,现付,是,否
V000671,2026-06-07,A店,AO0196,A3,护理,380,耗卡,否,否
V000675,2026-06-07,A店,AO0197,A4,护理,380,现付,否,否
V000776,2026-06-07,A店,AO0227,A4,护理,380,现付,否,否
V000847,2026-06-07,A店,AO0248,A2,剪发,180,现付,否,否
V001082,2026-06-07,B店,BO0020,B2,剪发,180,耗卡,否,否
V001430,2026-06-07,B店,BO0119,B3,护理,380,耗卡,否,否
V001960,2026-06-07,A店,C00429,A1,护理,380,现付,否,否
V002255,2026-06-07,B店,C00676,B1,剪发,180,现付,否,否
V000097,2026-06-08,A店,AO0023,A2,护理,380,现付,否,否
V000291,2026-06-08,A店,AO0079,A4,剪发,180,现付,否,否
V000405,2026-06-08,A店,AO0112,A3,护理,380,现付,是,否
V000572,2026-06-08,A店,AO0164,A3,剪发,180,现付,否,是
V000603,2026-06-08,A店,AO0174,A2,护理,380,耗卡,是,否
V000610,2026-06-08,A店,AO0176,A4,护理,380,现付,否,否
V000707,2026-06-08,A店,AO0206,A3,护理,380,现付,是,否
V001024,2026-06-08,B店,BO0003,B1,护理,380,耗卡,否,否
V001211,2026-06-08,B店,BO0058,B1,护理,380,耗卡,否,否
V001217,2026-06-08,B店,BO0061,B1,剪发,180,现付,否,否
V001290,2026-06-08,B店,BO0081,B1,护理,380,现付,是,否
V001341,2026-06-08,B店,BO0094,B2,剪发,180,现付,否,否
V001939,2026-06-08,A店,C00409,A4,染烫,880,现付,否,否
V001951,2026-06-08,A店,C00420,A2,剪发,180,现付,否,否
V002272,2026-06-08,B店,C00692,B2,护理,380,现付,否,否
V000351,2026-06-09,A店,AO0095,A1,染烫,880,现付,是,否
V000643,2026-06-09,A店,AO0187,A2,护理,380,现付,是,否
V000652,2026-06-09,A店,AO0190,A1,剪发,180,耗卡,是,否
V000660,2026-06-09,A店,AO0192,A3,剪发,180,现付,否,是
V000915,2026-06-09,A店,AO0267,A3,剪发,180,现付,否,否
V001969,2026-06-09,A店,C00438,A3,护理,380,现付,否,否
V001981,2026-06-09,A店,C00450,A1,剪发,180,现付,否,否
V002008,2026-06-09,A店,C00476,A1,染烫,880,现付,否,否
V000200,2026-06-10,A店,AO0053,A4,护理,380,耗卡,是,否
V000283,2026-06-10,A店,AO0076,A2,染烫,880,现付,否,否
V000467,2026-06-10,A店,AO0133,A3,护理,380,现付,否,否
V000686,2026-06-10,A店,AO0200,A4,护理,380,现付,否,否
V000870,2026-06-10,A店,AO0253,A1,剪发,180,现付,否,否
V000877,2026-06-10,A店,AO0255,A2,护理,380,现付,是,否
V001107,2026-06-10,B店,BO0029,B3,剪发,180,现付,否,否
V001376,2026-06-10,B店,BO0104,B3,护理,380,耗卡,否,否
V001843,2026-06-10,A店,C00331,A1,护理,380,现付,是,否
V001952,2026-06-10,A店,C00421,A4,剪发,180,现付,否,否
V002199,2026-06-10,B店,C00628,B2,染烫,880,现付,否,否
V000153,2026-06-11,A店,AO0040,A3,护理,380,现付,否,否
V000241,2026-06-11,A店,AO0064,A2,剪发,180,耗卡,否,否
V000418,2026-06-11,A店,AO0116,A3,剪发,180,耗卡,否,否
V000499,2026-06-11,A店,AO0141,A1,护理,380,现付,否,否
V000538,2026-06-11,A店,AO0153,A4,护理,380,耗卡,否,否
V000620,2026-06-11,A店,AO0178,A1,护理,380,现付,是,否
V000754,2026-06-11,A店,AO0221,A3,剪发,180,现付,否,否
V000833,2026-06-11,A店,AO0245,A3,剪发,180,现付,否,否
V000911,2026-06-11,A店,AO0265,A3,染烫,880,现付,否,否
V001153,2026-06-11,B店,BO0043,B1,护理,380,耗卡,否,否
V001326,2026-06-11,B店,BO0090,B2,剪发,180,现付,否,否
V001863,2026-06-11,A店,C00346,A2,护理,380,现付,是,否
V001932,2026-06-11,A店,C00402,A4,护理,380,现付,是,否
V001983,2026-06-11,A店,C00452,A4,剪发,180,现付,否,否
V002219,2026-06-11,B店,C00643,B3,护理,380,现付,否,否
V000093,2026-06-12,A店,AO0022,A2,护理,380,耗卡,是,否
V000148,2026-06-12,A店,AO0039,A3,剪发,180,耗卡,是,否
V000330,2026-06-12,A店,AO0090,A2,护理,380,现付,是,否
V000348,2026-06-12,A店,AO0094,A1,染烫,880,耗卡,否,否
V000505,2026-06-12,A店,AO0143,A2,染烫,880,耗卡,否,否
V000814,2026-06-12,A店,AO0238,A1,染烫,880,现付,是,否
V000816,2026-06-12,A店,AO0239,A1,护理,380,现付,是,否
V000886,2026-06-12,A店,AO0258,A4,剪发,180,现付,否,否
V001027,2026-06-12,B店,BO0004,B1,护理,380,耗卡,否,否
V001161,2026-06-12,B店,BO0045,B3,剪发,180,现付,否,否
V001215,2026-06-12,B店,BO0059,B1,护理,380,现付,否,是
V001236,2026-06-12,B店,BO0067,B1,护理,380,现付,否,否
V001263,2026-06-12,B店,BO0074,B2,剪发,180,现付,否,否
V001839,2026-06-12,A店,C00328,A4,护理,380,现付,否,否
V001938,2026-06-12,A店,C00408,A4,护理,380,现付,是,否
V001988,2026-06-12,A店,C00457,A3,护理,380,现付,否,否
V001993,2026-06-12,A店,C00462,A2,护理,380,现付,是,否
V002274,2026-06-12,B店,C00694,B1,护理,380,现付,否,否
V002285,2026-06-12,B店,C00704,B1,护理,380,现付,否,否
V000074,2026-06-13,A店,AO0018,A1,剪发,180,现付,否,否
V000167,2026-06-13,A店,AO0044,A2,染烫,880,耗卡,否,否
V000430,2026-06-13,A店,AO0119,A3,护理,380,现付,否,否
V000568,2026-06-13,A店,AO0163,A1,染烫,880,耗卡,否,否
V000701,2026-06-13,A店,AO0204,A1,剪发,180,现付,否,否
V000748,2026-06-13,A店,AO0219,A2,护理,380,现付,是,否
V001021,2026-06-13,B店,BO0002,B3,剪发,180,现付,否,否
V001955,2026-06-13,A店,C00424,A3,护理,380,现付,否,否
V001965,2026-06-13,A店,C00434,A1,护理,380,现付,否,否
V001976,2026-06-13,A店,C00445,A2,护理,380,现付,是,否
V001984,2026-06-13,A店,C00453,A3,染烫,880,现付,否,否
V002263,2026-06-13,B店,C00683,B3,剪发,180,现付,否,否
V002264,2026-06-13,B店,C00684,B3,护理,380,现付,否,是
V000048,2026-06-14,A店,AO0012,A2,染烫,880,现付,否,否
V000088,2026-06-14,A店,AO0021,A4,剪发,180,现付,否,否
V000256,2026-06-14,A店,AO0069,A2,护理,380,现付,是,否
V000264,2026-06-14,A店,AO0071,A1,剪发,180,耗卡,否,否
V000285,2026-06-14,A店,AO0077,A2,护理,380,耗卡,否,否
V000455,2026-06-14,A店,AO0130,A2,护理,380,现付,是,否
V000476,2026-06-14,A店,AO0135,A4,护理,380,耗卡,否,否
V000736,2026-06-14,A店,AO0216,A3,剪发,180,现付,否,否
V000857,2026-06-14,A店,AO0250,A3,剪发,180,耗卡,否,否
V000951,2026-06-14,A店,AO0279,A2,染烫,880,现付,否,否
V001011,2026-06-14,A店,AO0299,A1,剪发,180,现付,否,否
V001126,2026-06-14,B店,BO0034,B2,染烫,880,耗卡,否,否
V001931,2026-06-14,A店,C00401,A3,护理,380,现付,否,否
V002286,2026-06-14,B店,C00705,B3,染烫,880,现付,否,否
V000043,2026-06-15,A店,AO0011,A1,剪发,180,现付,是,否
V000224,2026-06-15,A店,AO0060,A2,剪发,180,耗卡,否,否
V000399,2026-06-15,A店,AO0111,A4,护理,380,现付,否,否
V000496,2026-06-15,A店,AO0140,A2,护理,380,现付,是,否
V000692,2026-06-15,A店,AO0202,A1,剪发,180,耗卡,是,否
V001057,2026-06-15,B店,BO0014,B1,剪发,180,耗卡,是,否
V001075,2026-06-15,B店,BO0018,B1,护理,380,耗卡,否,否
V001297,2026-06-15,B店,BO0083,B1,剪发,180,现付,否,否
V001999,2026-06-15,A店,C00467,A3,护理,380,现付,否,否
V002012,2026-06-15,A店,C00480,A2,剪发,180,现付,否,否
V002266,2026-06-15,B店,C00686,B2,护理,380,现付,否,否
V002278,2026-06-15,B店,C00698,B3,剪发,180,现付,是,否
V002280,2026-06-15,B店,C00699,B1,护理,380,现付,否,否
V000355,2026-06-16,A店,AO0096,A1,护理,380,耗卡,是,否
V000387,2026-06-16,A店,AO0108,A2,染烫,880,现付,否,否
V000740,2026-06-16,A店,AO0217,A1,剪发,180,现付,否,否
V000743,2026-06-16,A店,AO0218,A3,剪发,180,现付,否,否
V000822,2026-06-16,A店,AO0242,A1,护理,380,现付,否,否
V000828,2026-06-16,A店,AO0244,A3,护理,380,现付,否,否
V000907,2026-06-16,A店,AO0264,A2,护理,380,现付,是,否
V001092,2026-06-16,B店,BO0024,B3,护理,380,耗卡,否,否
V001116,2026-06-16,B店,BO0031,B2,剪发,180,耗卡,否,否
V001149,2026-06-16,B店,BO0042,B2,染烫,880,现付,否,否
V001371,2026-06-16,B店,BO0103,B1,剪发,180,耗卡,是,否
V001867,2026-06-16,A店,C00348,A1,染烫,880,现付,否,否
V001942,2026-06-16,A店,C00412,A2,护理,380,现付,否,否
V001954,2026-06-16,A店,C00423,A1,护理,380,现付,是,否
V001991,2026-06-16,A店,C00460,A1,护理,380,现付,否,否
V002201,2026-06-16,B店,C00629,B1,染烫,880,现付,否,否
V002242,2026-06-16,B店,C00664,B3,剪发,180,现付,否,否
V002281,2026-06-16,B店,C00700,B1,剪发,180,现付,是,否
V002287,2026-06-16,B店,C00706,B2,护理,380,现付,是,否
V000382,2026-06-17,A店,AO0106,A2,剪发,180,耗卡,否,否
V000522,2026-06-17,A店,AO0148,A4,染烫,880,耗卡,否,否
V000577,2026-06-17,A店,AO0165,A3,染烫,880,现付,否,否
V000664,2026-06-17,A店,AO0193,A3,护理,380,耗卡,否,否
V001353,2026-06-17,B店,BO0097,B2,护理,380,现付,否,否
V001807,2026-06-17,A店,C00303,A1,剪发,180,现付,否,否
V001971,2026-06-17,A店,C00440,A4,染烫,880,现付,是,否
V001994,2026-06-17,A店,C00463,A2,护理,380,现付,是,否
V002177,2026-06-17,B店,C00611,B1,剪发,180,现付,否,否
V002261,2026-06-17,B店,C00681,B2,剪发,180,现付,否,否
V002296,2026-06-17,B店,C00715,B1,染烫,880,现付,是,否
V000025,2026-06-18,A店,AO0006,A4,护理,380,现付,是,否
V000064,2026-06-18,A店,AO0016,A4,护理,380,现付,是,否
V000334,2026-06-18,A店,AO0091,A4,护理,380,现付,是,否
V000518,2026-06-18,A店,AO0147,A2,剪发,180,耗卡,否,否
V000535,2026-06-18,A店,AO0152,A3,护理,380,现付,是,否
V000565,2026-06-18,A店,AO0162,A3,剪发,180,现付,否,否
V000689,2026-06-18,A店,AO0201,A2,护理,380,现付,是,否
V000715,2026-06-18,A店,AO0208,A3,护理,380,耗卡,否,否
V000762,2026-06-18,A店,AO0223,A1,剪发,180,耗卡,否,否
V000820,2026-06-18,A店,AO0241,A2,护理,380,耗卡,是,否
V000984,2026-06-18,A店,AO0291,A1,护理,380,现付,否,否
V001132,2026-06-18,B店,BO0036,B2,护理,380,耗卡,否,否
V001336,2026-06-18,B店,BO0093,B1,护理,380,现付,否,否
V001420,2026-06-18,B店,BO0116,B3,剪发,180,现付,否,否
V001895,2026-06-18,A店,C00370,A4,护理,380,现付,是,否
V001987,2026-06-18,A店,C00456,A2,护理,380,现付,否,否
V002001,2026-06-18,A店,C00469,A1,护理,380,现付,否,否
V002282,2026-06-18,B店,C00701,B2,剪发,180,现付,否,否
V002283,2026-06-18,B店,C00702,B3,护理,380,现付,否,否
V002288,2026-06-18,B店,C00707,B3,剪发,180,现付,否,否
V000054,2026-06-19,A店,AO0013,A4,护理,380,耗卡,是,否
V000058,2026-06-19,A店,AO0014,A1,护理,380,现付,是,否
V000080,2026-06-19,A店,AO0019,A4,护理,380,耗卡,否,否
V000116,2026-06-19,A店,AO0029,A2,剪发,180,现付,否,否
V000322,2026-06-19,A店,AO0088,A3,剪发,180,耗卡,否,否
V000773,2026-06-19,A店,AO0226,A2,护理,380,耗卡,是,是
V000944,2026-06-19,A店,AO0275,A3,染烫,880,耗卡,是,否
V001169,2026-06-19,B店,BO0047,B3,剪发,180,耗卡,否,否
V001173,2026-06-19,B店,BO0048,B3,护理,380,现付,否,否
V001997,2026-06-19,A店,C00466,A1,护理,380,现付,否,否
V002265,2026-06-19,B店,C00685,B3,护理,380,现付,否,否
V002293,2026-06-19,B店,C00712,B1,护理,380,现付,否,否
V002300,2026-06-19,B店,C00719,B3,染烫,880,现付,是,否
V000228,2026-06-20,A店,AO0061,A1,剪发,180,现付,否,否
V000326,2026-06-20,A店,AO0089,A4,剪发,180,现付,否,否
V000597,2026-06-20,A店,AO0172,A2,护理,380,现付,否,否
V000696,2026-06-20,A店,AO0203,A3,染烫,880,耗卡,否,否
V000926,2026-06-20,A店,AO0270,A2,护理,380,耗卡,是,否
V000947,2026-06-20,A店,AO0277,A4,染烫,880,耗卡,是,否
V000971,2026-06-20,A店,AO0286,A2,护理,380,耗卡,是,否
V001044,2026-06-20,B店,BO0010,B2,护理,380,现付,否,否
V001062,2026-06-20,B店,BO0015,B1,剪发,180,耗卡,否,否
V001888,2026-06-20,A店,C00364,A3,染烫,880,现付,否,否
V001928,2026-06-20,A店,C00398,A4,护理,380,现付,否,否
V001933,2026-06-20,A店,C00403,A4,护理,380,现付,是,否
V001962,2026-06-20,A店,C00431,A1,护理,380,现付,否,否
V000358,2026-06-21,A店,AO0097,A1,剪发,180,现付,否,否
V000493,2026-06-21,A店,AO0139,A1,护理,380,现付,是,是
V000606,2026-06-21,A店,AO0175,A3,剪发,180,耗卡,否,否
V000645,2026-06-21,A店,AO0188,A4,护理,380,现付,是,否
V000683,2026-06-21,A店,AO0199,A1,染烫,880,现付,是,否
V000801,2026-06-21,A店,AO0234,A3,护理,380,现付,否,否
V001389,2026-06-21,B店,BO0107,B2,剪发,180,耗卡,否,否
V001953,2026-06-21,A店,C00422,A4,护理,380,现付,否,否
V002262,2026-06-21,B店,C00682,B1,染烫,880,现付,否,否
V002273,2026-06-21,B店,C00693,B2,护理,380,现付,否,否
V000014,2026-06-22,A店,AO0003,A4,护理,380,耗卡,否,否
V000040,2026-06-22,A店,AO0010,A3,护理,380,现付,是,否
V000060,2026-06-22,A店,AO0015,A2,剪发,180,耗卡,否,否
V000219,2026-06-22,A店,AO0059,A3,染烫,880,现付,否,否
V000312,2026-06-22,A店,AO0085,A3,剪发,180,耗卡,否,否
V000339,2026-06-22,A店,AO0092,A1,剪发,180,耗卡,否,否
V000556,2026-06-22,A店,AO0159,A3,剪发,180,耗卡,否,否
V001001,2026-06-22,A店,AO0295,A4,染烫,880,耗卡,否,否
V001276,2026-06-22,B店,BO0077,B3,剪发,180,耗卡,否,否
V001886,2026-06-22,A店,C00363,A1,剪发,180,现付,否,否
V001944,2026-06-22,A店,C00413,A3,护理,380,现付,是,否
V001963,2026-06-22,A店,C00432,A1,剪发,180,现付,否,否
V002007,2026-06-22,A店,C00475,A3,剪发,180,现付,否,否
V002289,2026-06-22,B店,C00708,B1,护理,380,现付,是,否
V002294,2026-06-22,B店,C00713,B3,护理,380,现付,否,否
V002297,2026-06-22,B店,C00716,B3,剪发,180,现付,否,否
V000143,2026-06-23,A店,AO0037,A2,护理,380,现付,否,否
V000269,2026-06-23,A店,AO0072,A2,剪发,180,现付,否,否
V000409,2026-06-23,A店,AO0113,A2,护理,380,现付,是,否
V000488,2026-06-23,A店,AO0138,A2,剪发,180,耗卡,否,否
V000648,2026-06-23,A店,AO0189,A4,护理,380,耗卡,否,否
V000711,2026-06-23,A店,AO0207,A3,染烫,880,耗卡,否,否
V000769,2026-06-23,A店,AO0225,A4,护理,380,耗卡,否,否
V001119,2026-06-23,B店,BO0032,B2,剪发,180,耗卡,否,否
V001129,2026-06-23,B店,BO0035,B3,剪发,180,现付,否,否
V001146,2026-06-23,B店,BO0041,B1,染烫,880,现付,否,否
V001193,2026-06-23,B店,BO0053,B1,护理,380,现付,否,否
V001223,2026-06-23,B店,BO0063,B3,护理,380,耗卡,否,否
V001398,2026-06-23,B店,BO0109,B2,染烫,880,现付,否,否
V001877,2026-06-23,A店,C00356,A4,护理,380,现付,否,否
V001940,2026-06-23,A店,C00410,A1,剪发,180,现付,否,否
V001964,2026-06-23,A店,C00433,A3,剪发,180,现付,是,否
V001970,2026-06-23,A店,C00439,A2,剪发,180,现付,否,否
V001973,2026-06-23,A店,C00442,A4,护理,380,现付,否,否
V001986,2026-06-23,A店,C00455,A4,护理,380,现付,否,否
V002009,2026-06-23,A店,C00477,A3,护理,380,现付,是,否
V002011,2026-06-23,A店,C00479,A2,染烫,880,现付,否,否
V000084,2026-06-24,A店,AO0020,A4,剪发,180,现付,否,否
V000191,2026-06-24,A店,AO0050,A3,护理,380,现付,否,否
V000279,2026-06-24,A店,AO0075,A4,剪发,180,耗卡,否,否
V000482,2026-06-24,A店,AO0136,A2,护理,380,现付,是,否
V000592,2026-06-24,A店,AO0171,A3,护理,380,现付,否,否
V000795,2026-06-24,A店,AO0232,A2,护理,380,现付,是,否
V000818,2026-06-24,A店,AO0240,A3,剪发,180,现付,否,否
V000852,2026-06-24,A店,AO0249,A4,护理,380,现付,是,否
V000902,2026-06-24,A店,AO0262,A3,护理,380,耗卡,否,否
V001014,2026-06-24,B店,BO0000,B1,护理,380,现付,否,否
V001232,2026-06-24,B店,BO0066,B1,护理,380,耗卡,否,否
V001408,2026-06-24,B店,BO0112,B1,护理,380,耗卡,是,否
V001911,2026-06-24,A店,C00383,A4,护理,380,现付,否,否
V001941,2026-06-24,A店,C00411,A4,护理,380,现付,否,否
V001995,2026-06-24,A店,C00464,A4,护理,380,现付,是,否
V000109,2026-06-25,A店,AO0027,A1,护理,380,现付,是,否
V000176,2026-06-25,A店,AO0046,A3,剪发,180,现付,否,否
V000188,2026-06-25,A店,AO0049,A2,剪发,180,耗卡,否,否
V000434,2026-06-25,A店,AO0121,A2,护理,380,现付,否,否
V001386,2026-06-25,B店,BO0106,B3,护理,380,现付,否,否
V002267,2026-06-25,B店,C00687,B1,护理,380,现付,否,否
V002299,2026-06-25,B店,C00718,B1,染烫,880,现付,是,否
V000390,2026-06-26,A店,AO0109,A3,护理,380,现付,否,否
V000511,2026-06-26,A店,AO0144,A1,剪发,180,现付,否,否
V000546,2026-06-26,A店,AO0156,A4,护理,380,现付,否,否
V000883,2026-06-26,A店,AO0257,A4,染烫,880,现付,否,否
V000894,2026-06-26,A店,AO0260,A2,剪发,180,现付,否,否
V001003,2026-06-26,A店,AO0296,A1,染烫,880,现付,否,否
V001029,2026-06-26,B店,BO0005,B1,染烫,880,现付,否,否
V001035,2026-06-26,B店,BO0006,B1,染烫,880,耗卡,否,否
V001882,2026-06-26,A店,C00360,A4,护理,380,现付,是,否
V001937,2026-06-26,A店,C00407,A1,护理,380,现付,是,否
V001978,2026-06-26,A店,C00447,A1,剪发,180,现付,是,否
V001989,2026-06-26,A店,C00458,A2,护理,380,现付,否,否
V002010,2026-06-26,A店,C00478,A2,剪发,180,现付,否,否
V002211,2026-06-26,B店,C00637,B2,染烫,880,现付,否,否
V002275,2026-06-26,B店,C00695,B1,护理,380,现付,是,否
V002284,2026-06-26,B店,C00703,B2,护理,380,现付,否,否
V002298,2026-06-26,B店,C00717,B3,护理,380,现付,否,否
V000298,2026-06-27,A店,AO0081,A2,剪发,180,耗卡,是,否
V000448,2026-06-27,A店,AO0126,A4,剪发,180,耗卡,是,否
V000472,2026-06-27,A店,AO0134,A4,护理,380,现付,否,否
V000703,2026-06-27,A店,AO0205,A3,护理,380,现付,否,否
V001393,2026-06-27,B店,BO0108,B3,剪发,180,耗卡,否,否
V001869,2026-06-27,A店,C00349,A4,护理,380,现付,是,否
V001966,2026-06-27,A店,C00435,A3,护理,380,现付,否,否
V001972,2026-06-27,A店,C00441,A2,护理,380,现付,否,否
V002290,2026-06-27,B店,C00709,B2,护理,380,现付,否,否
V002295,2026-06-27,B店,C00714,B2,护理,380,现付,否,否
V000184,2026-06-28,A店,AO0048,A2,剪发,180,现付,否,否
V000195,2026-06-28,A店,AO0051,A1,剪发,180,耗卡,否,否
V000304,2026-06-28,A店,AO0082,A4,剪发,180,耗卡,否,否
V000306,2026-06-28,A店,AO0083,A3,剪发,180,现付,是,否
V001259,2026-06-28,B店,BO0073,B1,护理,380,现付,否,否
V001284,2026-06-28,B店,BO0079,B3,剪发,180,现付,否,否
V001404,2026-06-28,B店,BO0111,B1,护理,380,现付,否,否
V001426,2026-06-28,B店,BO0118,B1,剪发,180,耗卡,是,否
V001935,2026-06-28,A店,C00405,A1,护理,380,现付,否,否
V001946,2026-06-28,A店,C00415,A2,染烫,880,现付,否,否
V001959,2026-06-28,A店,C00428,A3,剪发,180,现付,否,否
V001977,2026-06-28,A店,C00446,A1,护理,380,现付,是,否
V002005,2026-06-28,A店,C00473,A2,染烫,880,现付,是,否
V002271,2026-06-28,B店,C00691,B3,染烫,880,现付,否,否
V001936,2026-06-29,A店,C00406,A4,剪发,180,现付,是,否
V001957,2026-06-29,A店,C00426,A4,护理,380,现付,否,否
V002301,2026-06-29,B店,C00720,B1,护理,380,现付,否,否
V001913,2026-06-30,A店,C00384,A3,剪发,180,现付,否,否
V001974,2026-06-30,A店,C00443,A1,剪发,180,现付,否,否
V001979,2026-06-30,A店,C00448,A1,护理,380,现付,是,否
V001990,2026-06-30,A店,C00459,A2,染烫,880,现付,是,否
V001992,2026-06-30,A店,C00461,A1,护理,380,现付,否,否
V002003,2026-06-30,A店,C00471,A3,护理,380,现付,否,否
V002279,2026-06-30,B店,C00698,B1,剪发,180,现付,否,否
